"File","Line","Crate","RiskLevel","Context","Code"
"astraweave-ai\src\core_loop.rs","337","astraweave-ai","P0-Critical","result","let plan = result.unwrap();"
"astraweave-ai\src\core_loop.rs","371","astraweave-ai","P0-Critical","result","let plan = result.unwrap();"
"astraweave-ai\src\core_loop.rs","380","astraweave-ai","P0-Critical","snapshot_to_goap_state(&snapshot)","let state = snapshot_to_goap_state(&snapshot).unwrap();"
"astraweave-asset\src\lib.rs","1170","astraweave-asset","P0-Critical","inputs.last()","let duration = *inputs.last().unwrap();"
"astraweave-asset\src\nanite_preprocess.rs","983","astraweave-asset","P0-Critical","ron::from_str(&serialized)","let deserialized: Meshlet = ron::from_str(&serialized).unwrap();"
"astraweave-asset\src\nanite_preprocess.rs","982","astraweave-asset","P0-Critical","ron::ser::to_string(&meshlet)","let serialized = ron::ser::to_string(&meshlet).unwrap();"
"astraweave-asset\src\nanite_preprocess.rs","874","astraweave-asset","P0-Critical","generate_meshlets(&positions, &normals, &tangents, &uvs, &indices)","let meshlets = generate_meshlets(&positions, &normals, &tangents, &uvs, &indices).unwrap();"
"astraweave-asset\src\nanite_preprocess.rs","829","astraweave-asset","P0-Critical","generate_meshlets(&positions, &normals, &tangents, &uvs, &indices)","let meshlets = generate_meshlets(&positions, &normals, &tangents, &uvs, &indices).unwrap();"
"astraweave-asset\src\nanite_preprocess.rs","926","astraweave-asset","P0-Critical","generate_lod_hierarchy(&positions, &normals, &tangents, &uvs, &indices, 3)","generate_lod_hierarchy(&positions, &normals, &tangents, &uvs, &indices, 3).unwrap();"
"astraweave-asset\src\nanite_preprocess.rs","623","astraweave-asset","P0-Critical","collapse_heap.pop()","let collapse = collapse_heap.pop().unwrap();"
"astraweave-behavior\src\goap.rs","469","astraweave-behavior","P0-Critical","planner.plan(&current_state, &goal, &[])","let plan = planner.plan(&current_state, &goal, &[]).unwrap();"
"astraweave-behavior\src\goap.rs","381","astraweave-behavior","P0-Critical","planner.plan(&current_state, &goal, &actions)","let plan = planner.plan(&current_state, &goal, &actions).unwrap();"
"astraweave-behavior\src\goap.rs","408","astraweave-behavior","P0-Critical","planner.plan(&current_state, &goal, &actions)","let plan = planner.plan(&current_state, &goal, &actions).unwrap();"
"astraweave-behavior\src\goap.rs","433","astraweave-behavior","P0-Critical","planner.plan(&current_state, &goal, &actions)","let plan1 = planner.plan(&current_state, &goal, &actions).unwrap();"
"astraweave-behavior\src\goap.rs","434","astraweave-behavior","P0-Critical","planner.plan(&current_state, &goal, &actions)","let plan2 = planner.plan(&current_state, &goal, &actions).unwrap();"
"astraweave-behavior\src\goap.rs","435","astraweave-behavior","P0-Critical","planner.plan(&current_state, &goal, &actions)","let plan3 = planner.plan(&current_state, &goal, &actions).unwrap();"
"astraweave-cinematics\src\lib.rs","172","astraweave-cinematics","P0-Critical","seq.step(0.9, &tl)","let evs2 = seq.step(0.9, &tl).unwrap();"
"astraweave-cinematics\src\lib.rs","194","astraweave-cinematics","P0-Critical","serde_json::to_string_pretty(&tl)","let s = serde_json::to_string_pretty(&tl).unwrap();"
"astraweave-cinematics\src\lib.rs","195","astraweave-cinematics","P0-Critical","serde_json::from_str(&s)","let de: Timeline = serde_json::from_str(&s).unwrap();"
"astraweave-cinematics\src\lib.rs","170","astraweave-cinematics","P0-Critical","seq.step(0.6, &tl)","let evs1 = seq.step(0.6, &tl).unwrap();"
"astraweave-cinematics\src\lib.rs","168","astraweave-cinematics","P0-Critical","seq.step(0.5, &tl)","let evs0 = seq.step(0.5, &tl).unwrap();"
"astraweave-cinematics\src\lib.rs","174","astraweave-cinematics","P0-Critical","seq.step(1.0, &tl)","let evs3 = seq.step(1.0, &tl).unwrap();"
"astraweave-context\src\history.rs","623","astraweave-context","P0-Critical",".unwrap();",".unwrap();"
"astraweave-context\src\history.rs","627","astraweave-context","P0-Critical",".unwrap();",".unwrap();"
"astraweave-context\src\history.rs","605","astraweave-context","P0-Critical",".unwrap();",".unwrap();"
"astraweave-context\src\history.rs","577","astraweave-context","P0-Critical",".unwrap();",".unwrap();"
"astraweave-context\src\history.rs","573","astraweave-context","P0-Critical",".unwrap();",".unwrap();"
"astraweave-context\src\history.rs","569","astraweave-context","P0-Critical",".unwrap();",".unwrap();"
"astraweave-context\src\history.rs","550","astraweave-context","P0-Critical",".unwrap();",".unwrap();"
"astraweave-context\src\history.rs","546","astraweave-context","P0-Critical",".unwrap();",".unwrap();"
"astraweave-context\src\history.rs","552","astraweave-context","P0-Critical","history.get_context(1000).await","let context = history.get_context(1000).await.unwrap();"
"astraweave-context\src\history.rs","531","astraweave-context","P0-Critical",".unwrap();",".unwrap();"
"astraweave-context\src\lib.rs","281","astraweave-context","P0-Critical",".unwrap()",".unwrap()"
"astraweave-context\src\token_counter.rs","423","astraweave-context","P0-Critical","counter.chunk_by_tokens(&long_text, 20)","let chunks = counter.chunk_by_tokens(&long_text, 20).unwrap();"
"astraweave-context\src\token_counter.rs","398","astraweave-context","P0-Critical","counter.count_tokens(text)","let count2 = counter.count_tokens(text).unwrap();"
"astraweave-context\src\token_counter.rs","428","astraweave-context","P0-Critical","counter.count_tokens(chunk)","let count = counter.count_tokens(chunk).unwrap();"
"astraweave-context\src\token_counter.rs","455","astraweave-context","P0-Critical","budget.use_tokens(300)","budget.use_tokens(300).unwrap();"
"astraweave-context\src\token_counter.rs","459","astraweave-context","P0-Critical","budget.reserve(""context"", 200)","budget.reserve(""context"", 200).unwrap();"
"astraweave-context\src\token_counter.rs","471","astraweave-context","P0-Critical","counter.find_split_point(text, 5)","let split_point = counter.find_split_point(text, 5).unwrap();"
"astraweave-context\src\token_counter.rs","413","astraweave-context","P0-Critical","counter.count_tokens(&truncated)","let truncated_count = counter.count_tokens(&truncated).unwrap();"
"astraweave-context\src\token_counter.rs","477","astraweave-context","P0-Critical","counter.count_tokens(prefix)","let token_count = counter.count_tokens(prefix).unwrap();"
"astraweave-context\src\token_counter.rs","383","astraweave-context","P0-Critical","counter.count_tokens(""Hello, world!"")","let count = counter.count_tokens(""Hello, world!"").unwrap();"
"astraweave-context\src\token_counter.rs","395","astraweave-context","P0-Critical","counter.count_tokens(text)","let count1 = counter.count_tokens(text).unwrap();"
"astraweave-context\src\token_counter.rs","411","astraweave-context","P0-Critical","counter.truncate_to_tokens(&long_text, 10)","let truncated = counter.truncate_to_tokens(&long_text, 10).unwrap();"
"astraweave-context\src\window.rs","637","astraweave-context","P0-Critical","window.add_message(important_msg)","window.add_message(important_msg).unwrap();"
"astraweave-context\src\window.rs","691","astraweave-context","P0-Critical",".unwrap();",".unwrap();"
"astraweave-context\src\window.rs","688","astraweave-context","P0-Critical",".unwrap();",".unwrap();"
"astraweave-context\src\window.rs","636","astraweave-context","P0-Critical",".unwrap();",".unwrap();"
"astraweave-context\src\window.rs","677","astraweave-context","P0-Critical","manager.get_agent_window(""agent2"")","let agent2_window = manager.get_agent_window(""agent2"").unwrap();"
"astraweave-context\src\window.rs","674","astraweave-context","P0-Critical","manager.get_agent_window(""agent1"")","let agent1_window = manager.get_agent_window(""agent1"").unwrap();"
"astraweave-context\src\window.rs","671","astraweave-context","P0-Critical",".unwrap();",".unwrap();"
"astraweave-context\src\window.rs","640","astraweave-context","P0-Critical",".unwrap();",".unwrap();"
"astraweave-context\src\window.rs","611","astraweave-context","P0-Critical",".unwrap();",".unwrap();"
"astraweave-context\src\window.rs","608","astraweave-context","P0-Critical",".unwrap();",".unwrap();"
"astraweave-context\src\window.rs","605","astraweave-context","P0-Critical",".unwrap();",".unwrap();"
"astraweave-context\src\window.rs","588","astraweave-context","P0-Critical","window.add_message(message)","window.add_message(message).unwrap();"
"astraweave-coordination\src\agent.rs","561","astraweave-coordination","P0-Critical","await","agent.join_coordination(context.clone()).await.unwrap();"
"astraweave-coordination\src\agent.rs","568","astraweave-coordination","P0-Critical","await","agent.update_shared_state(""test_key"".to_string(), serde_json::json!(""test_value"")).await.unwrap();"
"astraweave-coordination\src\coordination.rs","841","astraweave-coordination","P0-Critical","await","coordinator.register_agent(Box::new(agent)).await.unwrap();"
"astraweave-coordination\src\coordination.rs","855","astraweave-coordination","P0-Critical","await","coordinator.register_agent(Box::new(agent)).await.unwrap();"
"astraweave-coordination\src\coordination.rs","858","astraweave-coordination","P0-Critical","coordinator.assign_task(task).await","let assigned_agent = coordinator.assign_task(task).await.unwrap();"
"astraweave-coordination\src\narrative_coherence.rs","1152","astraweave-coordination","P0-Critical","let engine = NarrativeCoherenceEngine::new(llm_client, rag_pipeline, CoherenceConfig::default()).unwrap();","let engine = NarrativeCoherenceEngine::new(llm_client, rag_pipeline, CoherenceConfig::default()).unwrap();"
"astraweave-coordination\src\world_events.rs","909","astraweave-coordination","P0-Critical","generator.update_world_state(updates).await","generator.update_world_state(updates).await.unwrap();"
"astraweave-coordination\src\world_events.rs","903","astraweave-coordination","P0-Critical","let generator = WorldEventGenerator::new(llm_client, rag_pipeline, EventGenerationConfig::default()).unwrap();","let generator = WorldEventGenerator::new(llm_client, rag_pipeline, EventGenerationConfig::default()).unwrap();"
"astraweave-core\src\ecs_adapter.rs","360","astraweave-core","P0-Critical",".unwrap()",".unwrap()"
"astraweave-core\src\ecs_adapter.rs","353","astraweave-core","P0-Critical","legacy_world.pos_of(legacy_entity)","let legacy_pos = legacy_world.pos_of(legacy_entity).unwrap();"
"astraweave-core\src\ecs_adapter.rs","278","astraweave-core","P0-Critical","let evs = app.world.resource_mut::<Events<MovedEvent>>().unwrap();","let evs = app.world.resource_mut::<Events<MovedEvent>>().unwrap();"
"astraweave-core\src\ecs_adapter.rs","253","astraweave-core","P0-Critical","let p = app.world.get::<CPos>(e).unwrap();","let p = app.world.get::<CPos>(e).unwrap();"
"astraweave-core\src\ecs_adapter.rs","224","astraweave-core","P0-Critical",".unwrap();",".unwrap();"
"astraweave-core\src\ecs_adapter.rs","198","astraweave-core","P0-Critical","let w2 = app.world.resource::<World>().unwrap();","let w2 = app.world.resource::<World>().unwrap();"
"astraweave-core\src\ecs_adapter.rs","368","astraweave-core","P0-Critical",".unwrap()",".unwrap()"
"astraweave-core\src\perception.rs","29","astraweave-core","P0-Critical",".unwrap()",".unwrap()"
"astraweave-core\src\perception.rs","18","astraweave-core","P0-Critical","w.pos_of(t_companion)","let cpos = w.pos_of(t_companion).unwrap();"
"astraweave-core\src\perception.rs","17","astraweave-core","P0-Critical","w.pos_of(t_player)","let ppos = w.pos_of(t_player).unwrap();"
"astraweave-core\src\validation.rs","69","astraweave-core","P0-Critical","w.ammo_mut(actor)","let ammo = w.ammo_mut(actor).unwrap();"
"astraweave-core\src\validation.rs","34","astraweave-core","P0-Critical","w.pos_of(actor)","let from = w.pos_of(actor).unwrap();"
"astraweave-core\src\validation.rs","39","astraweave-core","P0-Critical","w.cooldowns_mut(actor)","let cds = w.cooldowns_mut(actor).unwrap();"
"astraweave-core\src\validation.rs","51","astraweave-core","P0-Critical","w.pos_of(actor)","let my = w.pos_of(actor).unwrap();"
"astraweave-core\src\validation.rs","25","astraweave-core","P0-Critical","w.pos_of(actor)","let from = w.pos_of(actor).unwrap();"
"astraweave-dialogue\src\llm_dialogue.rs","1094","astraweave-dialogue","P0-Critical","await",").await.unwrap()"
"astraweave-dialogue\src\llm_dialogue.rs","1038","astraweave-dialogue","P0-Critical","conversation","let conv = conversation.unwrap();"
"astraweave-dialogue\src\llm_dialogue.rs","1068","astraweave-dialogue","P0-Critical","dialogue_system.analyze_emotion(""I'm really sad and frustrated"").await","let negative_emotion = dialogue_system.analyze_emotion(""I'm really sad and frustrated"").await.unwrap();"
"astraweave-dialogue\src\llm_dialogue.rs","1063","astraweave-dialogue","P0-Critical","dialogue_system.analyze_emotion(""I'm so happy and excited!"").await","let positive_emotion = dialogue_system.analyze_emotion(""I'm so happy and excited!"").await.unwrap();"
"astraweave-dialogue\src\llm_dialogue.rs","775","astraweave-dialogue","P0-Critical","Regex::new(r""[.]{3,}"")","let re = Regex::new(r""[.]{3,}"").unwrap();"
"astraweave-dialogue\src\llm_dialogue.rs","1002","astraweave-dialogue","P0-Critical","await",").await.unwrap();"
"astraweave-dialogue\src\llm_dialogue.rs","1025","astraweave-dialogue","P0-Critical","await",").await.unwrap();"
"astraweave-dialogue\src\llm_dialogue.rs","1031","astraweave-dialogue","P0-Critical","await",").await.unwrap();"
"astraweave-dialogue\src\llm_dialogue.rs","1072","astraweave-dialogue","P0-Critical","dialogue_system.analyze_emotion(""The weather is okay today"").await","let neutral_emotion = dialogue_system.analyze_emotion(""The weather is okay today"").await.unwrap();"
"astraweave-dialogue\src\llm_dialogue.rs","1060","astraweave-dialogue","P0-Critical","await",").await.unwrap();"
"astraweave-director\src\llm_director.rs","640","astraweave-director","P0-Critical","LlmDirector::new(llm_client, rag_pipeline, config)","let director = LlmDirector::new(llm_client, rag_pipeline, config).unwrap();"
"astraweave-ecs\src\archetype.rs","74","astraweave-ecs","P0-Critical","self.components.get_mut(ty)","let column = self.components.get_mut(ty).unwrap();"
"astraweave-ecs\src\events.rs","96","astraweave-ecs","P0-Critical","let queue = queue.downcast_mut::<EventQueue<E>>().unwrap();","let queue = queue.downcast_mut::<EventQueue<E>>().unwrap();"
"astraweave-ecs\src\lib.rs","115","astraweave-ecs","P0-Critical","self.archetypes.get_archetype_mut(archetype_id)","let archetype = self.archetypes.get_archetype_mut(archetype_id).unwrap();"
"astraweave-ecs\src\lib.rs","136","astraweave-ecs","P0-Critical","self.archetypes.get_entity_archetype(entity)","let old_archetype_id = self.archetypes.get_entity_archetype(entity).unwrap();"
"astraweave-ecs\src\lib.rs","139","astraweave-ecs","P0-Critical","self.archetypes.get_archetype_mut(old_archetype_id)","let old_archetype = self.archetypes.get_archetype_mut(old_archetype_id).unwrap();"
"astraweave-ecs\src\lib.rs","145","astraweave-ecs","P0-Critical","self.archetypes.get_archetype(old_archetype_id)","let old_archetype = self.archetypes.get_archetype(old_archetype_id).unwrap();"
"astraweave-ecs\src\lib.rs","149","astraweave-ecs","P0-Critical","new_components.keys().next()","let type_to_remove = new_components.keys().next().unwrap();"
"astraweave-ecs\src\lib.rs","216","astraweave-ecs","P0-Critical","self.archetypes.get_archetype_mut(archetype_id)","let archetype = self.archetypes.get_archetype_mut(archetype_id).unwrap();"
"astraweave-ecs\src\lib.rs","165","astraweave-ecs","P0-Critical",".unwrap()",".unwrap()"
"astraweave-ecs\src\lib.rs","264","astraweave-ecs","P0-Critical","self.archetypes.get_archetype_mut(archetype_id)","let archetype = self.archetypes.get_archetype_mut(archetype_id).unwrap();"
"astraweave-ecs\src\lib.rs","385","astraweave-ecs","P0-Critical","let pos = world.get::<Position>(entity).unwrap();","let pos = world.get::<Position>(entity).unwrap();"
"astraweave-ecs\src\lib.rs","468","astraweave-ecs","P0-Critical","let resource_mut = world.get_resource_mut::<TestResource>().unwrap();","let resource_mut = world.get_resource_mut::<TestResource>().unwrap();"
"astraweave-ecs\src\lib.rs","471","astraweave-ecs","P0-Critical","let resource_after = world.get_resource::<TestResource>().unwrap();","let resource_after = world.get_resource::<TestResource>().unwrap();"
"astraweave-ecs\src\lib.rs","481","astraweave-ecs","P0-Critical","let pos_mut = world.get_mut::<Position>(entity).unwrap();","let pos_mut = world.get_mut::<Position>(entity).unwrap();"
"astraweave-ecs\src\lib.rs","484","astraweave-ecs","P0-Critical","let pos = world.get::<Position>(entity).unwrap();","let pos = world.get::<Position>(entity).unwrap();"
"astraweave-ecs\src\lib.rs","172","astraweave-ecs","P0-Critical","new_components.keys().next()","let type_to_remove = new_components.keys().next().unwrap();"
"astraweave-ecs\src\lib.rs","180","astraweave-ecs","P0-Critical","self.archetypes.get_archetype_mut(new_archetype_id)","let new_archetype = self.archetypes.get_archetype_mut(new_archetype_id).unwrap();"
"astraweave-ecs\src\lib.rs","465","astraweave-ecs","P0-Critical","let resource = world.get_resource::<TestResource>().unwrap();","let resource = world.get_resource::<TestResource>().unwrap();"
"astraweave-ecs\src\system_param.rs","42","astraweave-ecs","P0-Critical","self.world.archetypes.get_archetype(archetype_id)","let archetype = self.world.archetypes.get_archetype(archetype_id).unwrap();"
"astraweave-ecs\src\system_param.rs","55","astraweave-ecs","P0-Critical","let component = archetype.get::<T>(entity).unwrap();","let component = archetype.get::<T>(entity).unwrap();"
"astraweave-ecs\src\system_param.rs","98","astraweave-ecs","P0-Critical","self.world.archetypes.get_archetype(archetype_id)","let archetype = self.world.archetypes.get_archetype(archetype_id).unwrap();"
"astraweave-ecs\src\system_param.rs","113","astraweave-ecs","P0-Critical","let component_b = archetype.get::<B>(entity).unwrap();","let component_b = archetype.get::<B>(entity).unwrap();"
"astraweave-ecs\src\system_param.rs","112","astraweave-ecs","P0-Critical","let component_a = archetype.get::<A>(entity).unwrap();","let component_a = archetype.get::<A>(entity).unwrap();"
"astraweave-embeddings\src\client.rs","493","astraweave-embeddings","P0-Critical","client.embed(text1).await","let emb1 = client.embed(text1).await.unwrap();"
"astraweave-embeddings\src\client.rs","512","astraweave-embeddings","P0-Critical","client.embed_batch(&texts).await","let embeddings = client.embed_batch(&texts).await.unwrap();"
"astraweave-embeddings\src\client.rs","495","astraweave-embeddings","P0-Critical","client.embed(text3).await","let emb3 = client.embed(text3).await.unwrap();"
"astraweave-embeddings\src\client.rs","494","astraweave-embeddings","P0-Critical","client.embed(text2).await","let emb2 = client.embed(text2).await.unwrap();"
"astraweave-embeddings\src\store.rs","438","astraweave-embeddings","P0-Critical",".unwrap();",".unwrap();"
"astraweave-embeddings\src\store.rs","428","astraweave-embeddings","P0-Critical",".unwrap();",".unwrap();"
"astraweave-embeddings\src\store.rs","386","astraweave-embeddings","P0-Critical",".unwrap();",".unwrap();"
"astraweave-embeddings\src\store.rs","390","astraweave-embeddings","P0-Critical","store.remove(""test"")","let removed = store.remove(""test"").unwrap();"
"astraweave-embeddings\src\store.rs","375","astraweave-embeddings","P0-Critical","store.search(&query, 2)","let results = store.search(&query, 2).unwrap();"
"astraweave-embeddings\src\store.rs","371","astraweave-embeddings","P0-Critical",".unwrap();",".unwrap();"
"astraweave-embeddings\src\store.rs","324","astraweave-embeddings","P0-Critical",".unwrap()",".unwrap()"
"astraweave-embeddings\src\store.rs","350","astraweave-embeddings","P0-Critical",".unwrap();",".unwrap();"
"astraweave-embeddings\src\store.rs","352","astraweave-embeddings","P0-Critical","store.get(""test_1"")","let retrieved = store.get(""test_1"").unwrap();"
"astraweave-embeddings\src\store.rs","448","astraweave-embeddings","P0-Critical",".unwrap();",".unwrap();"
"astraweave-embeddings\src\store.rs","365","astraweave-embeddings","P0-Critical",".unwrap();",".unwrap();"
"astraweave-embeddings\src\store.rs","453","astraweave-embeddings","P0-Critical","store.prune_vectors(2)","let removed = store.prune_vectors(2).unwrap();"
"astraweave-embeddings\src\store.rs","368","astraweave-embeddings","P0-Critical",".unwrap();",".unwrap();"
"astraweave-embeddings\src\utils.rs","211","astraweave-embeddings","P0-Critical","memories.into_iter().next()","return memories.into_iter().next().unwrap();"
"astraweave-embeddings\src\utils.rs","371","astraweave-embeddings","P0-Critical",".unwrap()",".unwrap()"
"astraweave-gameplay\src\combat_physics.rs","365","astraweave-gameplay","P0-Critical","result","let hit = result.unwrap();"
"astraweave-gameplay\src\combat_physics.rs","417","astraweave-gameplay","P0-Critical","result","let hit = result.unwrap();"
"astraweave-gameplay\src\combat_physics.rs","281","astraweave-gameplay","P0-Critical","result","let hit = result.unwrap();"
"astraweave-gameplay\src\combat_physics.rs","207","astraweave-gameplay","P0-Critical","result","let hit = result.unwrap();"
"astraweave-gameplay\src\ecs.rs","300","astraweave-gameplay","P0-Critical","let queue = app.world.get::<CCraftingQueue>(crafter).unwrap();","let queue = app.world.get::<CCraftingQueue>(crafter).unwrap();"
"astraweave-gameplay\src\ecs.rs","331","astraweave-gameplay","P0-Critical","let log = app.world.get::<CQuestLog>(quester).unwrap();","let log = app.world.get::<CQuestLog>(quester).unwrap();"
"astraweave-gameplay\src\ecs.rs","105","astraweave-gameplay","P0-Critical","let target_pos = world.get::<CPos>(target).unwrap();","let target_pos = world.get::<CPos>(target).unwrap();"
"astraweave-gameplay\src\ecs.rs","104","astraweave-gameplay","P0-Critical","let pos = world.get::<CPos>(e).unwrap();","let pos = world.get::<CPos>(e).unwrap();"
"astraweave-gameplay\src\ecs.rs","267","astraweave-gameplay","P0-Critical","let health = app.world.get::<CHealth>(target).unwrap();","let health = app.world.get::<CHealth>(target).unwrap();"
"astraweave-input\benches\input_benchmarks.rs","37","astraweave-input","P0-Critical","serde_json::to_string(&binding)","let serialized = serde_json::to_string(&binding).unwrap();"
"astraweave-input\src\lib.rs","21","astraweave-input","P0-Critical","serde_json::from_str(&serialized)","let deserialized: KeyCode = serde_json::from_str(&serialized).unwrap();"
"astraweave-input\src\lib.rs","28","astraweave-input","P0-Critical","serde_json::to_string(&mouse)","let serialized = serde_json::to_string(&mouse).unwrap();"
"astraweave-input\src\lib.rs","29","astraweave-input","P0-Critical","serde_json::from_str(&serialized)","let deserialized: MouseButton = serde_json::from_str(&serialized).unwrap();"
"astraweave-input\src\lib.rs","41","astraweave-input","P0-Critical","serde_json::to_string(&binding)","let serialized = serde_json::to_string(&binding).unwrap();"
"astraweave-input\src\lib.rs","52","astraweave-input","P0-Critical","serde_json::to_string(&binding_set)","let serialized = serde_json::to_string(&binding_set).unwrap();"
"astraweave-input\src\lib.rs","53","astraweave-input","P0-Critical","serde_json::from_str(&serialized)","let _deserialized: BindingSet = serde_json::from_str(&serialized).unwrap();"
"astraweave-input\src\lib.rs","20","astraweave-input","P0-Critical","serde_json::to_string(&key)","let serialized = serde_json::to_string(&key).unwrap();"
"astraweave-input\src\lib.rs","42","astraweave-input","P0-Critical","serde_json::from_str(&serialized)","let deserialized: Binding = serde_json::from_str(&serialized).unwrap();"
"astraweave-llm\src\backpressure.rs","610","astraweave-llm","P0-Critical","manager.start().await","manager.start().await.unwrap();"
"astraweave-llm\src\backpressure.rs","699","astraweave-llm","P0-Critical",".unwrap();",".unwrap();"
"astraweave-llm\src\backpressure.rs","695","astraweave-llm","P0-Critical",".unwrap();",".unwrap();"
"astraweave-llm\src\backpressure.rs","681","astraweave-llm","P0-Critical","manager.start().await","manager.start().await.unwrap();"
"astraweave-llm\src\backpressure.rs","703","astraweave-llm","P0-Critical",".unwrap();",".unwrap();"
"astraweave-llm\src\backpressure.rs","656","astraweave-llm","P0-Critical",".unwrap();",".unwrap();"
"astraweave-llm\src\backpressure.rs","623","astraweave-llm","P0-Critical",".unwrap();",".unwrap();"
"astraweave-llm\src\backpressure.rs","642","astraweave-llm","P0-Critical","manager.start().await","manager.start().await.unwrap();"
"astraweave-llm\src\backpressure.rs","662","astraweave-llm","P0-Critical",".unwrap();",".unwrap();"
"astraweave-llm\src\circuit_breaker.rs","534","astraweave-llm","P0-Critical","manager.get_status(""test-model"").await","let status = manager.get_status(""test-model"").await.unwrap();"
"astraweave-llm\src\lib.rs","1591","astraweave-llm","P0-Critical","parse_llm_plan(text, &reg)","let res = parse_llm_plan(text, &reg).unwrap();"
"astraweave-llm\src\lib.rs","1351","astraweave-llm","P0-Critical","result","let plan = result.unwrap();"
"astraweave-llm\src\lib.rs","1392","astraweave-llm","P0-Critical","result","let response = result.unwrap();"
"astraweave-llm\src\lib.rs","1464","astraweave-llm","P0-Critical","result","let plan = result.unwrap();"
"astraweave-llm\src\lib.rs","1494","astraweave-llm","P0-Critical","result","let plan = result.unwrap();"
"astraweave-llm\src\lib.rs","1578","astraweave-llm","P0-Critical","parse_llm_plan(text, &reg)","let res = parse_llm_plan(text, &reg).unwrap();"
"astraweave-llm\src\lib.rs","1614","astraweave-llm","P0-Critical","parse_llm_plan(text, &reg)","let res = parse_llm_plan(text, &reg).unwrap();"
"astraweave-llm\src\lib.rs","1603","astraweave-llm","P0-Critical","parse_llm_plan(text, &reg)","let res = parse_llm_plan(text, &reg).unwrap();"
"astraweave-llm\src\production_hardening.rs","676","astraweave-llm","P0-Critical","layer.shutdown().await","layer.shutdown().await.unwrap();"
"astraweave-llm\src\production_hardening.rs","650","astraweave-llm","P0-Critical","layer.start().await","layer.start().await.unwrap();"
"astraweave-llm\src\rate_limiter.rs","535","astraweave-llm","P0-Critical","rate_limiter.acquire(&context).await","let _permit1 = rate_limiter.acquire(&context).await.unwrap();"
"astraweave-llm\src\rate_limiter.rs","563","astraweave-llm","P0-Critical","status.model_status.get(""gpt-3.5-turbo"")","let model_status = status.model_status.get(""gpt-3.5-turbo"").unwrap();"
"astraweave-materials\src\lib.rs","251","astraweave-materials","P0-Critical","compile_to_wgsl(&g)","let (wgsl, _b) = compile_to_wgsl(&g).unwrap();"
"astraweave-materials\src\lib.rs","189","astraweave-materials","P0-Critical","compile_to_wgsl(&g)","let (wgsl, binds) = compile_to_wgsl(&g).unwrap();"
"astraweave-materials\src\lib.rs","156","astraweave-materials","P0-Critical","compile_to_wgsl(&g)","let (wgsl, _b) = compile_to_wgsl(&g).unwrap();"
"astraweave-memory\src\components.rs","540","astraweave-memory","P0-Critical",".unwrap();",".unwrap();"
"astraweave-memory\src\compression.rs","297","astraweave-memory","P0-Critical","engine.compress_memory(&mut memory)","engine.compress_memory(&mut memory).unwrap();"
"astraweave-memory\src\compression.rs","309","astraweave-memory","P0-Critical","engine.should_compress(&memory)","let should_compress = engine.should_compress(&memory).unwrap();"
"astraweave-memory\src\consolidation.rs","270","astraweave-memory","P0-Critical","engine.consolidate(&mut memories)","let result = engine.consolidate(&mut memories).unwrap();"
"astraweave-memory\src\forgetting.rs","360","astraweave-memory","P0-Critical","engine.update_memory_strength(&mut memory)","engine.update_memory_strength(&mut memory).unwrap();"
"astraweave-memory\src\forgetting.rs","372","astraweave-memory","P0-Critical","engine.should_forget(&memory)","let should_forget = engine.should_forget(&memory).unwrap();"
"astraweave-memory\src\forgetting.rs","395","astraweave-memory","P0-Critical","engine.update_memory_strength(&mut memory1)","engine.update_memory_strength(&mut memory1).unwrap();"
"astraweave-memory\src\forgetting.rs","396","astraweave-memory","P0-Critical","engine.update_memory_strength(&mut memory2)","engine.update_memory_strength(&mut memory2).unwrap();"
"astraweave-memory\src\memory_manager.rs","349","astraweave-memory","P0-Critical","manager.store_memory(memory1)","manager.store_memory(memory1).unwrap();"
"astraweave-memory\src\memory_manager.rs","356","astraweave-memory","P0-Critical","manager.get_cluster_memories(&cluster_id)","let cluster_memories = manager.get_cluster_memories(&cluster_id).unwrap();"
"astraweave-memory\src\memory_manager.rs","367","astraweave-memory","P0-Critical","manager.store_memory(memory)","manager.store_memory(memory).unwrap();"
"astraweave-memory\src\memory_manager.rs","331","astraweave-memory","P0-Critical","manager.store_memory(memory)","manager.store_memory(memory).unwrap();"
"astraweave-memory\src\memory_manager.rs","350","astraweave-memory","P0-Critical","manager.store_memory(memory2)","manager.store_memory(memory2).unwrap();"
"astraweave-memory\src\memory_manager.rs","370","astraweave-memory","P0-Critical","manager.cleanup_weak_memories()","let removed = manager.cleanup_weak_memories().unwrap();"
"astraweave-memory\src\memory_manager.rs","354","astraweave-memory","P0-Critical",".unwrap();",".unwrap();"
"astraweave-memory\src\retrieval.rs","454","astraweave-memory","P0-Critical","engine.find_similar(&target_memory, &all_memories)","let results = engine.find_similar(&target_memory, &all_memories).unwrap();"
"astraweave-memory\src\retrieval.rs","432","astraweave-memory","P0-Critical","engine.retrieve(&context, &memories)","let results = engine.retrieve(&context, &memories).unwrap();"
"astraweave-memory\src\sharing.rs","493","astraweave-memory","P0-Critical","engine.share_memory(&request, &memory, ""owner"")","engine.share_memory(&request, &memory, ""owner"").unwrap();"
"astraweave-memory\src\sharing.rs","452","astraweave-memory","P0-Critical","engine.share_memory(&request, &memory, ""owner"")","let result = engine.share_memory(&request, &memory, ""owner"").unwrap();"
"astraweave-net-ecs\src\lib.rs","376","astraweave-net-ecs","P0-Critical","let authority = world.get::<CNetworkAuthority>(entity).unwrap();","let authority = world.get::<CNetworkAuthority>(entity).unwrap();"
"astraweave-net-ecs\src\lib.rs","422","astraweave-net-ecs","P0-Critical","let client = app.world.get::<CNetworkClient>(client_entity).unwrap();","let client = app.world.get::<CNetworkClient>(client_entity).unwrap();"
"astraweave-net-ecs\src\lib.rs","426","astraweave-net-ecs","P0-Critical","let authority = app.world.get::<CNetworkAuthority>(server_entity).unwrap();","let authority = app.world.get::<CNetworkAuthority>(server_entity).unwrap();"
"astraweave-net-ecs\src\lib.rs","350","astraweave-net-ecs","P0-Critical","let client = world.get::<CNetworkClient>(entity).unwrap();","let client = world.get::<CNetworkClient>(entity).unwrap();"
"astraweave-net-ecs\src\lib.rs","263","astraweave-net-ecs","P0-Critical","accept_async(stream).await","let ws_stream = accept_async(stream).await.unwrap();"
"astraweave-net-ecs\src\lib.rs","319","astraweave-net-ecs","P0-Critical","let client = world.get::<CNetworkClient>(entity).unwrap();","let client = world.get::<CNetworkClient>(entity).unwrap();"
"astraweave-net\src\lib.rs","651","astraweave-net","P0-Critical",".unwrap()",".unwrap()"
"astraweave-net\src\lib.rs","660","astraweave-net","P0-Critical",".unwrap()",".unwrap()"
"astraweave-observability\src\llm_telemetry.rs","1103","astraweave-observability","P0-Critical",".unwrap();",".unwrap();"
"astraweave-observability\src\llm_telemetry.rs","685","astraweave-observability","P0-Critical",".unwrap();",".unwrap();"
"astraweave-observability\src\llm_telemetry.rs","683","astraweave-observability","P0-Critical",".unwrap()",".unwrap()"
"astraweave-observability\src\llm_telemetry.rs","681","astraweave-observability","P0-Critical",".unwrap()",".unwrap()"
"astraweave-observability\src\llm_telemetry.rs","1116","astraweave-observability","P0-Critical","telemetry.get_dashboard_data().await","let dashboard = telemetry.get_dashboard_data().await.unwrap();"
"astraweave-optimization\src\batch_inference.rs","634","astraweave-optimization","P0-Critical","await",").await.unwrap();"
"astraweave-optimization\src\prompt_cache.rs","642","astraweave-optimization","P0-Critical","cache.lookup(""Test prompt"").await","let result = cache.lookup(""Test prompt"").await.unwrap();"
"astraweave-optimization\src\prompt_cache.rs","656","astraweave-optimization","P0-Critical","cache.lookup(""Non-existent prompt"").await","let result = cache.lookup(""Non-existent prompt"").await.unwrap();"
"astraweave-optimization\src\prompt_cache.rs","667","astraweave-optimization","P0-Critical","cache.store(""Test prompt"", ""Test response"", 0.8).await","cache.store(""Test prompt"", ""Test response"", 0.8).await.unwrap();"
"astraweave-optimization\src\prompt_cache.rs","673","astraweave-optimization","P0-Critical","cache.lookup(""Test prompt"").await","let result = cache.lookup(""Test prompt"").await.unwrap();"
"astraweave-optimization\src\prompt_cache.rs","639","astraweave-optimization","P0-Critical","cache.store(""Test prompt"", ""Test response"", 0.8).await","cache.store(""Test prompt"", ""Test response"", 0.8).await.unwrap();"
"astraweave-persistence-ecs\src\lib.rs","258","astraweave-persistence-ecs","P0-Critical","deserialize_ecs_world(&blob)","deserialize_ecs_world(&blob).unwrap();"
"astraweave-persistence-ecs\src\lib.rs","222","astraweave-persistence-ecs","P0-Critical","tempdir()","let temp_dir = tempdir().unwrap();"
"astraweave-persistence-ecs\src\lib.rs","250","astraweave-persistence-ecs","P0-Critical","serialize_ecs_world()","let blob = serialize_ecs_world().unwrap();"
"astraweave-persona\src\llm_persona.rs","892","astraweave-persona","P0-Critical",".unwrap();",".unwrap();"
"astraweave-persona\src\llm_persona.rs","898","astraweave-persona","P0-Critical",".unwrap();",".unwrap();"
"astraweave-persona\src\llm_persona.rs","933","astraweave-persona","P0-Critical",".unwrap();",".unwrap();"
"astraweave-persona\src\llm_persona.rs","939","astraweave-persona","P0-Critical","response","let response_text = response.unwrap();"
"astraweave-persona\src\llm_persona.rs","864","astraweave-persona","P0-Critical",".unwrap();",".unwrap();"
"astraweave-prompts\src\lib.rs","297","astraweave-prompts","P0-Critical",".unwrap()",".unwrap()"
"astraweave-quests\src\llm_quests.rs","751","astraweave-quests","P0-Critical",".unwrap();",".unwrap();"
"astraweave-rag\src\consolidation.rs","189","astraweave-rag","P0-Critical","engine.consolidate(memories)","let (consolidated, result) = engine.consolidate(memories).unwrap();"
"astraweave-rag\src\forgetting.rs","292","astraweave-rag","P0-Critical","engine.process_forgetting(memories)","let (retained, result) = engine.process_forgetting(memories).unwrap();"
"astraweave-rag\src\forgetting.rs","302","astraweave-rag","P0-Critical","engine.strengthen_memory(""test_id"", 0.1)","engine.strengthen_memory(""test_id"", 0.1).unwrap();"
"astraweave-rag\src\injection.rs","238","astraweave-rag","P0-Critical","engine.inject(&context, &memories)","let result = engine.inject(&context, &memories).unwrap();"
"astraweave-rag\src\lib.rs","521","astraweave-rag","P0-Critical",".unwrap()",".unwrap()"
"astraweave-rag\src\pipeline.rs","772","astraweave-rag","P0-Critical",".unwrap();",".unwrap();"
"astraweave-rag\src\pipeline.rs","617","astraweave-rag","P0-Critical",".unwrap()",".unwrap()"
"astraweave-rag\src\pipeline.rs","800","astraweave-rag","P0-Critical","r2.unwrap()","let id2 = r2.unwrap().unwrap();"
"astraweave-rag\src\pipeline.rs","799","astraweave-rag","P0-Critical","r1.unwrap()","let id1 = r1.unwrap().unwrap();"
"astraweave-rag\src\pipeline.rs","609","astraweave-rag","P0-Critical",".unwrap()",".unwrap()"
"astraweave-rag\src\retrieval.rs","170","astraweave-rag","P0-Critical","engine.search(&query, &memories)","let results = engine.search(&query, &memories).unwrap();"
"astraweave-render\benches\phase2_benches.rs","48","astraweave-render","P0-Critical","MaterialPackage::from_graph(&g)","let pkg = MaterialPackage::from_graph(&g).unwrap();"
"astraweave-render\src\graph.rs","354","astraweave-render","P0-Critical","table.tex(""hdr_target"")","let retrieved = table.tex(""hdr_target"").unwrap();"
"astraweave-render\src\graph.rs","349","astraweave-render","P0-Critical",".unwrap();",".unwrap();"
"astraweave-render\src\graph.rs","313","astraweave-render","P0-Critical","g.execute(&mut ctx)","let _ = g.execute(&mut ctx).unwrap();"
"astraweave-render\src\material.rs","685","astraweave-render","P0-Critical","toml::from_str(toml_str)","let arrays: ArraysDoc = toml::from_str(toml_str).unwrap();"
"astraweave-render\src\material.rs","225","astraweave-render","P0-Critical","self.bind_group_layout.as_ref()","self.bind_group_layout.as_ref().unwrap()"
"astraweave-render\src\material.rs","663","astraweave-render","P0-Critical","toml::from_str(toml_str)","let doc: MaterialsDoc = toml::from_str(toml_str).unwrap();"
"astraweave-render\src\mesh_registry.rs","46","astraweave-render","P0-Critical","m.aabb()","let (min, max) = m.aabb().unwrap();"
"astraweave-render\src\residency.rs","188","astraweave-render","P0-Critical","rm.load_asset(&guid2)","rm.load_asset(&guid2).unwrap();"
"astraweave-render\src\residency.rs","173","astraweave-render","P0-Critical","db.lock()","let mut db = db.lock().unwrap();"
"astraweave-render\src\residency.rs","163","astraweave-render","P0-Critical","rm.load_asset(&guid)","rm.load_asset(&guid).unwrap();"
"astraweave-render\src\residency.rs","147","astraweave-render","P0-Critical","db.lock()","let mut db = db.lock().unwrap();"
"astraweave-render\src\residency.rs","63","astraweave-render","P0-Critical","self.db.lock()","let db = self.db.lock().unwrap();"
"astraweave-scene\src\gpu_resource_manager.rs","329","astraweave-scene","P0-Critical","furthest","let coord = furthest.unwrap();"
"astraweave-scene\src\lib.rs","897","astraweave-scene","P0-Critical","let retrieved = world.get::<CSkeleton>(entity).unwrap();","let retrieved = world.get::<CSkeleton>(entity).unwrap();"
"astraweave-scene\src\lib.rs","818","astraweave-scene","P0-Critical","let retrieved = world.get::<CAnimator>(entity).unwrap();","let retrieved = world.get::<CAnimator>(entity).unwrap();"
"astraweave-scene\src\lib.rs","845","astraweave-scene","P0-Critical","let animator = world.get::<CAnimator>(entity).unwrap();","let animator = world.get::<CAnimator>(entity).unwrap();"
"astraweave-scene\src\lib.rs","579","astraweave-scene","P0-Critical","let transform = world.get::<CTransformLocal>(id).unwrap();","let transform = world.get::<CTransformLocal>(id).unwrap();"
"astraweave-scene\src\lib.rs","874","astraweave-scene","P0-Critical","let animator = world.get::<CAnimator>(entity).unwrap();","let animator = world.get::<CAnimator>(entity).unwrap();"
"astraweave-scene\src\lib.rs","924","astraweave-scene","P0-Critical","let matrices = world.get::<CJointMatrices>(entity).unwrap();","let matrices = world.get::<CJointMatrices>(entity).unwrap();"
"astraweave-scene\src\partitioned_scene.rs","281","astraweave-scene","P0-Critical","scene.update_streaming(camera_pos).await","scene.update_streaming(camera_pos).await.unwrap();"
"astraweave-scene\src\streaming.rs","433","astraweave-scene","P0-Critical","manager.force_load_cell(coord).await","manager.force_load_cell(coord).await.unwrap();"
"astraweave-scene\src\streaming.rs","412","astraweave-scene","P0-Critical","manager.force_unload_cell(coord).await","manager.force_unload_cell(coord).await.unwrap();"
"astraweave-scene\src\streaming.rs","393","astraweave-scene","P0-Critical","manager.update(camera_pos).await","manager.update(camera_pos).await.unwrap();"
"astraweave-scene\src\streaming.rs","408","astraweave-scene","P0-Critical","manager.force_load_cell(coord).await","manager.force_load_cell(coord).await.unwrap();"
"astraweave-sdk\src\lib.rs","421","astraweave-sdk","P0-Critical",".unwrap()",".unwrap()"
"astraweave-security\src\lib.rs","190","astraweave-security","P0-Critical",".unwrap()",".unwrap()"
"astraweave-security\src\lib.rs","269","astraweave-security","P0-Critical",".unwrap()",".unwrap()"
"astraweave-security\src\lib.rs","434","astraweave-security","P0-Critical","sanitize_llm_prompt(""Hello, how are you?"", &validator)","let result = sanitize_llm_prompt(""Hello, how are you?"", &validator).unwrap();"
"astraweave-security\src\lib.rs","504","astraweave-security","P0-Critical",".unwrap();",".unwrap();"
"astraweave-terrain\src\chunk.rs","297","astraweave-terrain","P0-Critical","let heightmap = Heightmap::new(HeightmapConfig::default()).unwrap();","let heightmap = Heightmap::new(HeightmapConfig::default()).unwrap();"
"astraweave-terrain\src\climate.rs","382","astraweave-terrain","P0-Critical","climate.sample_chunk(chunk_id, 256.0, 32)","let climate_data = climate.sample_chunk(chunk_id, 256.0, 32).unwrap();"
"astraweave-terrain\src\erosion.rs","113","astraweave-terrain","P0-Critical","Heightmap::new(config)","let mut heightmap = Heightmap::new(config).unwrap();"
"astraweave-terrain\src\erosion.rs","132","astraweave-terrain","P0-Critical","Heightmap::new(config)","let mut heightmap = Heightmap::new(config).unwrap();"
"astraweave-terrain\src\heightmap.rs","395","astraweave-terrain","P0-Critical","Heightmap::new(config)","let heightmap = Heightmap::new(config).unwrap();"
"astraweave-terrain\src\heightmap.rs","383","astraweave-terrain","P0-Critical","Heightmap::new(config)","let heightmap = Heightmap::new(config).unwrap();"
"astraweave-terrain\src\heightmap.rs","368","astraweave-terrain","P0-Critical","Heightmap::new(config)","let mut heightmap = Heightmap::new(config).unwrap();"
"astraweave-terrain\src\heightmap.rs","338","astraweave-terrain","P0-Critical","Heightmap::new(config)","let mut heightmap = Heightmap::new(config).unwrap();"
"astraweave-terrain\src\heightmap.rs","329","astraweave-terrain","P0-Critical","Heightmap::new(config)","let heightmap = Heightmap::new(config).unwrap();"
"astraweave-terrain\src\heightmap.rs","351","astraweave-terrain","P0-Critical","Heightmap::new(config)","let mut heightmap = Heightmap::new(config).unwrap();"
"astraweave-terrain\src\noise_gen.rs","315","astraweave-terrain","P0-Critical","noise.generate_heightmap(chunk_id, 256.0, 64)","let heightmap = noise.generate_heightmap(chunk_id, 256.0, 64).unwrap();"
"astraweave-terrain\src\partition_integration.rs","498","astraweave-terrain","P0-Critical","manager.activate_cell(cell).await","let loaded = manager.activate_cell(cell).await.unwrap();"
"astraweave-terrain\src\partition_integration.rs","508","astraweave-terrain","P0-Critical","manager.activate_cell(cell).await","manager.activate_cell(cell).await.unwrap();"
"astraweave-terrain\src\partition_integration.rs","509","astraweave-terrain","P0-Critical","manager.deactivate_cell(cell).await","let unloaded = manager.deactivate_cell(cell).await.unwrap();"
"astraweave-terrain\src\partition_integration.rs","520","astraweave-terrain","P0-Critical","manager.update_from_camera(camera_pos, 300.0).await","manager.update_from_camera(camera_pos, 300.0).await.unwrap();"
"astraweave-terrain\src\scatter.rs","435","astraweave-terrain","P0-Critical","Heightmap::new(heightmap_config)","let mut heightmap = Heightmap::new(heightmap_config).unwrap();"
"astraweave-ui\src\panels.rs","212","astraweave-ui","P0-Critical","serde_json::to_string_pretty(tlv)","let s = serde_json::to_string_pretty(tlv).unwrap();"
"astraweave-ui\src\panels.rs","218","astraweave-ui","P0-Critical","filename.lock()","let mut name = filename.lock().unwrap();"
"astraweave-ui\src\panels.rs","252","astraweave-ui","P0-Critical","seq.lock()","let mut seq_guard = seq.lock().unwrap();"
"astraweave-ui\src\panels.rs","258","astraweave-ui","P0-Critical","seq.lock()","let mut seq_guard = seq.lock().unwrap();"
"astraweave-weaving\src\adjudicator.rs","285","astraweave-weaving","P0-Critical","config.to_toml()","let toml_str = config.to_toml().unwrap();"
"astraweave-weaving\src\adjudicator.rs","286","astraweave-weaving","P0-Critical","WeaveConfig::from_toml(&toml_str)","let parsed = WeaveConfig::from_toml(&toml_str).unwrap();"
"astraweave-weaving\src\adjudicator.rs","110","astraweave-weaving","P0-Critical",".unwrap()",".unwrap()"
"astraweave-weaving\src\intents.rs","96","astraweave-weaving","P0-Critical","pattern_id.strip_prefix(""resource_scarce_"")","let resource = pattern_id.strip_prefix(""resource_scarce_"").unwrap();"
"astraweave-weaving\src\intents.rs","126","astraweave-weaving","P0-Critical","pattern_id.strip_prefix(""faction_conflict_"")","let faction = pattern_id.strip_prefix(""faction_conflict_"").unwrap();"
"net\aw-net-client\src\main.rs","80","unknown","P0-Critical","postcard::to_allocvec(&cmd)","let blob = postcard::to_allocvec(&cmd).unwrap();"
"net\aw-net-client\src\main.rs","108","unknown","P0-Critical","lz4_flex::decompress_size_prepended(&payload)","lz4_flex::decompress_size_prepended(&payload).unwrap()"
"net\aw-net-client\src\main.rs","116","unknown","P0-Critical","postcard::from_bytes(&bytes)","let st: DemoState = postcard::from_bytes(&bytes).unwrap();"
"net\aw-net-server\src\main.rs","301","unknown","P0-Critical","rooms.get_mut(rid)","let room = rooms.get_mut(rid).unwrap();"
"net\aw-net-server\src\main.rs","314","unknown","P0-Critical","postcard::to_allocvec(&demo)","let raw = postcard::to_allocvec(&demo).unwrap();"
"net\aw-net-server\src\main.rs","87","unknown","P0-Critical","axum::serve(listener, http_app).await","axum::serve(listener, http_app).await.unwrap();"
"net\aw-net-server\src\main.rs","91","unknown","P0-Critical","parse()","let ws_addr: SocketAddr = ""0.0.0.0:8788"".parse().unwrap();"
"net\aw-net-server\src\main.rs","84","unknown","P0-Critical","parse()","let addr: SocketAddr = ""0.0.0.0:8789"".parse().unwrap();"
"net\aw-net-server\src\main.rs","86","unknown","P0-Critical","TcpListener::bind(addr).await","let listener = TcpListener::bind(addr).await.unwrap();"
"persistence\aw-save\src\lib.rs","58","unknown","P0-Critical","format_description::parse(""[year][month][day]T[hour][minute][second]Z"")","format_description::parse(""[year][month][day]T[hour][minute][second]Z"").unwrap()"
"persistence\aw-save\src\lib.rs","216","unknown","P0-Critical",".unwrap()",".unwrap()"
"persistence\aw-save\src\lib.rs","362","unknown","P0-Critical","format_description::parse(""[year][month][day]T[hour][minute][second]Z"")","format_description::parse(""[year][month][day]T[hour][minute][second]Z"").unwrap()"
"tools\asset_signing.rs","41","unknown","P0-Critical","std::fs::write(tmp, b""hello"")","std::fs::write(tmp, b""hello"").unwrap();"
"tools\asset_signing.rs","44","unknown","P0-Critical","let sig = sign_asset(tmp, &sk.to_bytes()).unwrap();","let sig = sign_asset(tmp, &sk.to_bytes()).unwrap();"
"tools\asset_signing\src\lib.rs","41","unknown","P0-Critical","std::fs::write(tmp, b""hello"")","std::fs::write(tmp, b""hello"").unwrap();"
"tools\asset_signing\src\lib.rs","44","unknown","P0-Critical","let sig = sign_asset(tmp, &sk.to_bytes()).unwrap();","let sig = sign_asset(tmp, &sk.to_bytes()).unwrap();"
"tools\aw_asset_cli\src\main.rs","219","unknown","P0-Critical","pat.find('{')","let start = pat.find('{').unwrap();"
"tools\aw_asset_cli\src\main.rs","220","unknown","P0-Critical","pat.find('}')","let end = pat.find('}').unwrap();"
"tools\aw_asset_cli\src\texture_baker.rs","478","unknown","P0-Critical","generate_mipmap_chain(&img)","let mipmaps = generate_mipmap_chain(&img).unwrap();"
"tools\aw_asset_cli\src\texture_baker.rs","197","unknown","P0-Critical","mipmaps.last()","let last_mip = mipmaps.last().unwrap();"
"tools\aw_asset_cli\src\validators.rs","364","unknown","P0-Critical","parsed","let parsed = parsed.unwrap();"
"tools\aw_build\src\main.rs","284","unknown","P0-Critical","tempdir()","let dir = tempdir().unwrap();"
"tools\aw_build\src\main.rs","251","unknown","P0-Critical","e.path().strip_prefix(assets)","let rel = e.path().strip_prefix(assets).unwrap();"
"tools\aw_build\src\main.rs","300","unknown","P0-Critical","gen_manifest(&root1, ""n"", ""1"")","let m1 = gen_manifest(&root1, ""n"", ""1"").unwrap();"
"tools\aw_build\src\main.rs","293","unknown","P0-Critical","fs::create_dir_all(&root2)","fs::create_dir_all(&root2).unwrap();"
"tools\aw_build\src\main.rs","295","unknown","P0-Critical","fs::copy(&b, root1.join(""b.txt"")).unwrap();","fs::copy(&b, root1.join(""b.txt"")).unwrap();"
"tools\aw_build\src\main.rs","136","unknown","P0-Critical",".unwrap()",".unwrap()"
"tools\aw_build\src\main.rs","294","unknown","P0-Critical","fs::copy(&a, root1.join(""a.txt"")).unwrap();","fs::copy(&a, root1.join(""a.txt"")).unwrap();"
"tools\aw_build\src\main.rs","237","unknown","P0-Critical","e.path().strip_prefix(bin_dir)","let rel = e.path().strip_prefix(bin_dir).unwrap();"
"tools\aw_build\src\main.rs","215","unknown","P0-Critical",".unwrap()",".unwrap()"
"tools\aw_build\src\main.rs","178","unknown","P0-Critical",".unwrap()",".unwrap()"
"tools\aw_build\src\main.rs","297","unknown","P0-Critical","fs::copy(&a, root2.join(""a.txt"")).unwrap();","fs::copy(&a, root2.join(""a.txt"")).unwrap();"
"tools\aw_build\src\main.rs","181","unknown","P0-Critical","fs::read(p)","let data = fs::read(p).unwrap();"
"tools\aw_build\src\main.rs","301","unknown","P0-Critical","gen_manifest(&root2, ""n"", ""2"")","let m2 = gen_manifest(&root2, ""n"", ""2"").unwrap();"
"tools\aw_build\src\main.rs","288","unknown","P0-Critical","fs::write(&b, ""world"")","fs::write(&b, ""world"").unwrap();"
"tools\aw_build\src\main.rs","292","unknown","P0-Critical","fs::create_dir_all(&root1)","fs::create_dir_all(&root1).unwrap();"
"tools\aw_build\src\main.rs","287","unknown","P0-Critical","fs::write(&a, ""hello"")","fs::write(&a, ""hello"").unwrap();"
"tools\aw_editor\src\file_watcher.rs","246","unknown","P0-Critical","writeln!(file, ""name = \""test\"""").unwrap();","writeln!(file, ""name = \""test\"""").unwrap();"
"tools\aw_editor\src\file_watcher.rs","245","unknown","P0-Critical","writeln!(file, ""[material]"").unwrap();","writeln!(file, ""[material]"").unwrap();"
"tools\aw_editor\src\file_watcher.rs","244","unknown","P0-Critical","fs::File::create(&test_material)","let mut file = fs::File::create(&test_material).unwrap();"
"tools\aw_editor\src\file_watcher.rs","240","unknown","P0-Critical","FileWatcher::new(&temp_dir)","let watcher = FileWatcher::new(&temp_dir).unwrap();"
"tools\aw_editor\src\file_watcher.rs","238","unknown","P0-Critical","fs::create_dir_all(&temp_dir)","fs::create_dir_all(&temp_dir).unwrap();"
"tools\aw_editor\src\file_watcher.rs","270","unknown","P0-Critical","fs::create_dir_all(&temp_dir)","fs::create_dir_all(&temp_dir).unwrap();"
"tools\aw_editor\src\file_watcher.rs","276","unknown","P0-Critical","fs::File::create(&test_texture)","fs::File::create(&test_texture).unwrap();"
"tools\aw_editor\src\file_watcher.rs","141","unknown","P0-Critical","debounce_state.lock()","let mut state = debounce_state.lock().unwrap();"
"tools\aw_editor\src\file_watcher.rs","272","unknown","P0-Critical","FileWatcher::new(&temp_dir)","let watcher = FileWatcher::new(&temp_dir).unwrap();"
"tools\aw_editor\src\file_watcher.rs","299","unknown","P0-Critical","fs::create_dir_all(&temp_dir)","fs::create_dir_all(&temp_dir).unwrap();"
"tools\aw_editor\src\file_watcher.rs","167","unknown","P0-Critical","debounce_state.lock()","let mut state = debounce_state.lock().unwrap();"
"tools\aw_editor\src\file_watcher.rs","301","unknown","P0-Critical","FileWatcher::new(&temp_dir)","let watcher = FileWatcher::new(&temp_dir).unwrap();"
"tools\aw_editor\src\file_watcher.rs","306","unknown","P0-Critical","fs::File::create(&test_file)","let mut file = fs::File::create(&test_file).unwrap();"
"tools\aw_editor\src\file_watcher.rs","307","unknown","P0-Critical","writeln!(file, ""[material]"").unwrap();","writeln!(file, ""[material]"").unwrap();"
"tools\aw_editor\src\file_watcher.rs","308","unknown","P0-Critical","writeln!(file, ""version = {}"", i).unwrap();","writeln!(file, ""version = {}"", i).unwrap();"
"tools\aw_editor\src\file_watcher.rs","151","unknown","P0-Critical","debounce_state.lock()","let mut state = debounce_state.lock().unwrap();"
"astraweave-asset\src\lib.rs","671","astraweave-asset","P1-High","max_time.max(*times.last()","max_time = max_time.max(*times.last().unwrap());"
"astraweave-asset\src\lib.rs","33","astraweave-asset","P1-High","u32::from_le_bytes(bytes[8..12].try_into()","let _length = u32::from_le_bytes(bytes[8..12].try_into().unwrap());"
"astraweave-asset\src\lib.rs","32","astraweave-asset","P1-High","u32::from_le_bytes(bytes[4..8].try_into()","let _version = u32::from_le_bytes(bytes[4..8].try_into().unwrap());"
"astraweave-audio\src\dialogue_runtime.rs","82","astraweave-audio","P1-High","pool.choose(&mut rng)","let path = pool.choose(&mut rng).unwrap().clone();"
"astraweave-behavior\src\goap.rs","488","astraweave-behavior","P1-High","plan.current_action.as_ref()","assert_eq!(plan.current_action.as_ref().unwrap().name, ""step2"");"
"astraweave-behavior\src\goap.rs","492","astraweave-behavior","P1-High","plan.current_action.as_ref()","assert_eq!(plan.current_action.as_ref().unwrap().name, ""step3"");"
"astraweave-behavior\src\goap.rs","484","astraweave-behavior","P1-High","plan.current_action.as_ref()","assert_eq!(plan.current_action.as_ref().unwrap().name, ""step1"");"
"astraweave-coordination\src\agent.rs","572","astraweave-coordination","P1-High","value","assert_eq!(value.unwrap(), serde_json::json!(""test_value""));"
"astraweave-coordination\src\agent.rs","541","astraweave-coordination","P1-High","received","assert_eq!(received.unwrap().id, message.id);"
"astraweave-core\src\ecs_adapter.rs","354","astraweave-core","P1-High","let ecs_pos = ecs_app.world.get::<CPos>(ecs_entity).unwrap().pos;","let ecs_pos = ecs_app.world.get::<CPos>(ecs_entity).unwrap().pos;"
"astraweave-core\src\ecs_adapter.rs","382","astraweave-core","P1-High","let ecs_hp = ecs_app.world.get::<CHealth>(ecs_entity).unwrap().hp;","let ecs_hp = ecs_app.world.get::<CHealth>(ecs_entity).unwrap().hp;"
"astraweave-core\src\ecs_adapter.rs","381","astraweave-core","P1-High","legacy_world.health(legacy_entity)","let legacy_hp = legacy_world.health(legacy_entity).unwrap().hp;"
"astraweave-core\src\perception.rs","20","astraweave-core","P1-High","w.health(t_player)","hp: w.health(t_player).unwrap().hp,"
"astraweave-core\src\perception.rs","26","astraweave-core","P1-High","w.ammo(t_companion)","ammo: w.ammo(t_companion).unwrap().rounds,"
"astraweave-core\src\tool_sandbox.rs","113","astraweave-core","P1-High","map_engine_error(intent.steps.first()","let tb = map_engine_error(intent.steps.first().unwrap(), &err);"
"astraweave-core\src\tool_sandbox.rs","129","astraweave-core","P1-High","map_engine_error(intent.steps.first()","let tb2 = map_engine_error(intent.steps.first().unwrap(), &err2);"
"astraweave-core\src\tool_sandbox.rs","158","astraweave-core","P1-High","w.pos_of(a)","assert_eq!(w.pos_of(a).unwrap(), IVec2 { x: 1, y: 0 });"
"astraweave-core\src\validation.rs","30","astraweave-core","P1-High","w.pose_mut(actor)","w.pose_mut(actor).unwrap().pos = to;"
"astraweave-core\src\validation.rs","148","astraweave-core","P1-High","w.ammo(actor)","let ammo_before = w.ammo(actor).unwrap().rounds;"
"astraweave-core\src\validation.rs","151","astraweave-core","P1-High","w.health(enemy)","let hp_after = w.health(enemy).unwrap().hp;"
"astraweave-core\src\validation.rs","152","astraweave-core","P1-High","w.ammo(actor)","let ammo_after = w.ammo(actor).unwrap().rounds;"
"astraweave-core\src\validation.rs","147","astraweave-core","P1-High","w.health(enemy)","let hp_before = w.health(enemy).unwrap().hp;"
"astraweave-director\src\phase.rs","48","astraweave-director","P1-High","tele.push(self.state.telegraph.clone()","tele.push(self.state.telegraph.clone().unwrap());"
"astraweave-director\src\systems.rs","391","astraweave-director","P1-High","LlmDirector::new(llm_client, rag_pipeline, LlmDirectorConfig::default()).unwrap(),","LlmDirector::new(llm_client, rag_pipeline, LlmDirectorConfig::default()).unwrap(),"
"astraweave-ecs\src\archetype.rs","125","astraweave-ecs","P1-High","self.entities.get_mut(&swapped_entity)","*self.entities.get_mut(&swapped_entity).unwrap() = row;"
"astraweave-embeddings\src\store.rs","272","astraweave-embeddings","P1-High","scored_vectors.sort_by(|a, b| a.1.partial_cmp(&b.1)","scored_vectors.sort_by(|a, b| a.1.partial_cmp(&b.1).unwrap());"
"astraweave-embeddings\src\store.rs","194","astraweave-embeddings","P1-High","results.sort_by(|a, b| a.distance.partial_cmp(&b.distance)","results.sort_by(|a, b| a.distance.partial_cmp(&b.distance).unwrap());"
"astraweave-embeddings\src\utils.rs","215","astraweave-embeddings","P1-High","memories.sort_by(|a, b| b.importance.partial_cmp(&a.importance)","memories.sort_by(|a, b| b.importance.partial_cmp(&a.importance).unwrap());"
"astraweave-llm\src\lib.rs","842","astraweave-llm","P1-High","serde_json::to_string_pretty(snap)","snap = serde_json::to_string_pretty(snap).unwrap(),"
"astraweave-memory\src\memory_manager.rs","336","astraweave-memory","P1-High","retrieved","assert_eq!(retrieved.unwrap().content.text, ""Test sensory memory"");"
"astraweave-nav\src\lib.rs","222","astraweave-nav","P1-High","path.first()","assert!((path.first().unwrap().x - 0.1).abs() < 1e-3);"
"astraweave-nav\src\lib.rs","72","astraweave-nav","P1-High","s","let (s, g) = (s.unwrap(), g.unwrap());"
"astraweave-nav\src\lib.rs","223","astraweave-nav","P1-High","path.last()","assert!((path.last().unwrap().x - 0.45).abs() < 1e-3);"
"astraweave-net\src\lib.rs","624","astraweave-net","P1-High","serde_json::to_string(&msg)","serde_json::to_string(&msg).unwrap().into(),"
"astraweave-net\src\lib.rs","633","astraweave-net","P1-High","serde_json::to_string(&msg)","serde_json::to_string(&msg).unwrap().into(),"
"astraweave-net\src\lib.rs","642","astraweave-net","P1-High","send(Message::Text(serde_json::to_string(&msg)",".send(Message::Text(serde_json::to_string(&msg).unwrap().into()))"
"astraweave-npc\src\runtime.rs","130","astraweave-npc","P1-High","view.player_pos","(view.self_pos - view.player_pos.unwrap()).normalize_or_zero();"
"astraweave-observability\src\llm_telemetry.rs","173","astraweave-observability","P1-High","Histogram::new(3)","cost_histogram: Histogram::new(3).unwrap(),"
"astraweave-observability\src\llm_telemetry.rs","172","astraweave-observability","P1-High","Histogram::new(3)","token_histogram: Histogram::new(3).unwrap(),"
"astraweave-observability\src\llm_telemetry.rs","171","astraweave-observability","P1-High","Histogram::new(3)","latency_histogram: Histogram::new(3).unwrap(), // 3 significant digits"
"astraweave-observability\src\llm_telemetry.rs","1026","astraweave-observability","P1-High","chrono::Duration::from_std(latency)","start_time: end_time - chrono::Duration::from_std(latency).unwrap(),"
"astraweave-optimization\src\batch_inference.rs","220","astraweave-optimization","P1-High","chrono::Duration::from_std(self.config.request_timeout)","timeout_at: Utc::now() + chrono::Duration::from_std(self.config.request_timeout).unwrap(),"
"astraweave-optimization\src\prompt_cache.rs","241","astraweave-optimization","P1-High","chrono::Duration::from_std(self.config.entry_ttl)","ttl_expires_at: now + chrono::Duration::from_std(self.config.entry_ttl).unwrap(),"
"astraweave-optimization\src\prompt_cache.rs","158","astraweave-optimization","P1-High","unwrap_or_else(|| std::num::NonZeroUsize::new(1000)",".unwrap_or_else(|| std::num::NonZeroUsize::new(1000).unwrap());"
"astraweave-pcg\src\seed_rng.rs","147","astraweave-pcg","P1-High","chosen","assert!(items.contains(chosen.unwrap()));"
"astraweave-physics\src\lib.rs","332","astraweave-physics","P1-High","pw.body_transform(char_id)","let x = pw.body_transform(char_id).unwrap().w_axis.x;"
"astraweave-quests\src\systems.rs","514","astraweave-quests","P1-High",".unwrap(),",".unwrap(),"
"astraweave-rag\src\pipeline.rs","592","astraweave-rag","P1-High","sort_by(|a, b| b.similarity_score.partial_cmp(&a.similarity_score)",".sort_by(|a, b| b.similarity_score.partial_cmp(&a.similarity_score).unwrap());"
"astraweave-rag\src\pipeline.rs","596","astraweave-rag","P1-High","sort_by(|a, b| a.similarity_score.partial_cmp(&b.similarity_score)",".sort_by(|a, b| a.similarity_score.partial_cmp(&b.similarity_score).unwrap());"
"astraweave-render\src\animation.rs","176","astraweave-render","P1-High","times.last()","if time >= *times.last().unwrap() {"
"astraweave-render\src\clustered.rs","351","astraweave-render","P1-High","offsets_cpu.last()","let n_indices = *offsets_cpu.last().unwrap() as usize;"
"astraweave-render\src\clustered.rs","289","astraweave-render","P1-High","offsets.last()","assert_eq!(*offsets.last().unwrap() as usize, indices.len());"
"astraweave-render\src\environment.rs","257","astraweave-render","P1-High","self.uniform_buffer.as_ref()","resource: self.uniform_buffer.as_ref().unwrap().as_entire_binding(),"
"astraweave-render\src\gi\voxelization_pipeline.rs","426","astraweave-render","P1-High","self.index_buffer.as_ref()","resource: self.index_buffer.as_ref().unwrap().as_entire_binding(),"
"astraweave-render\src\gi\voxelization_pipeline.rs","318","astraweave-render","P1-High","self.index_buffer.as_ref()","self.index_buffer.as_ref().unwrap(),"
"astraweave-render\src\gi\voxelization_pipeline.rs","306","astraweave-render","P1-High","self.index_buffer.as_ref()","|| self.index_buffer.as_ref().unwrap().size()"
"astraweave-render\src\gi\voxelization_pipeline.rs","298","astraweave-render","P1-High","self.vertex_buffer.as_ref()","self.vertex_buffer.as_ref().unwrap(),"
"astraweave-render\src\gi\voxelization_pipeline.rs","422","astraweave-render","P1-High","self.vertex_buffer.as_ref()","resource: self.vertex_buffer.as_ref().unwrap().as_entire_binding(),"
"astraweave-render\src\gi\voxelization_pipeline.rs","286","astraweave-render","P1-High","self.vertex_buffer.as_ref()","|| self.vertex_buffer.as_ref().unwrap().size()"
"astraweave-render\src\graph.rs","146","astraweave-render","P1-High","self.map.get(&key_str)","match self.map.get(&key_str).unwrap() {"
"astraweave-render\src\terrain.rs","56","astraweave-render","P1-High","Ok(self.loaded_meshes.get(&chunk_id)","Ok(self.loaded_meshes.get(&chunk_id).unwrap())"
"astraweave-scene\src\lib.rs","791","astraweave-scene","P1-High","assert!(!world.get::<CChildren>(parent).unwrap().0.contains(&child));","assert!(!world.get::<CChildren>(parent).unwrap().0.contains(&child));"
"astraweave-scene\src\lib.rs","684","astraweave-scene","P1-High","let child_world_2 = world.get::<CTransformWorld>(child).unwrap().0;","let child_world_2 = world.get::<CTransformWorld>(child).unwrap().0;"
"astraweave-scene\src\lib.rs","960","astraweave-scene","P1-High","let sword_world = world.get::<CTransformWorld>(sword_entity).unwrap().0;","let sword_world = world.get::<CTransformWorld>(sword_entity).unwrap().0;"
"astraweave-scene\src\lib.rs","629","astraweave-scene","P1-High","let root_world = world.get::<CTransformWorld>(root).unwrap().0;","let root_world = world.get::<CTransformWorld>(root).unwrap().0;"
"astraweave-scene\src\lib.rs","632","astraweave-scene","P1-High","let child_world = world.get::<CTransformWorld>(child).unwrap().0;","let child_world = world.get::<CTransformWorld>(child).unwrap().0;"
"astraweave-scene\src\lib.rs","635","astraweave-scene","P1-High","let grandchild_world = world.get::<CTransformWorld>(grandchild).unwrap().0;","let grandchild_world = world.get::<CTransformWorld>(grandchild).unwrap().0;"
"astraweave-scene\src\lib.rs","671","astraweave-scene","P1-High","let child_world_1 = world.get::<CTransformWorld>(child).unwrap().0;","let child_world_1 = world.get::<CTransformWorld>(child).unwrap().0;"
"astraweave-scene\src\lib.rs","786","astraweave-scene","P1-High","assert!(world.get::<CChildren>(parent).unwrap().0.contains(&child));","assert!(world.get::<CChildren>(parent).unwrap().0.contains(&child));"
"astraweave-scene\src\partitioned_scene.rs","345","astraweave-scene","P1-High","scene.query_entities_in_cell(coord)","assert_eq!(scene.query_entities_in_cell(coord).unwrap().len(), 1);"
"astraweave-scene\src\partitioned_scene.rs","322","astraweave-scene","P1-High","scene.query_entities_in_cell(new_coord)","assert_eq!(scene.query_entities_in_cell(new_coord).unwrap().len(), 1);"
"astraweave-scene\src\partitioned_scene.rs","316","astraweave-scene","P1-High","scene.query_entities_in_cell(coord)","assert_eq!(scene.query_entities_in_cell(coord).unwrap().len(), 1);"
"astraweave-sdk\src\lib.rs","413","astraweave-sdk","P1-High","std::ffi::CString::new(""not json"")","std::ffi::CString::new(""not json"").unwrap().as_ptr(),"
"astraweave-security\src\lib.rs","506","astraweave-security","P1-High","result.as_int()","assert_eq!(result.as_int().unwrap(), 42);"
"astraweave-terrain\src\erosion.rs","119","astraweave-terrain","P1-High","apply_thermal_erosion(&mut heightmap, 10, 30.0)","apply_thermal_erosion(&mut heightmap, 10, 30.0).unwrap(); // More iterations, steeper angle"
"astraweave-terrain\src\erosion.rs","142","astraweave-terrain","P1-High","apply_hydraulic_erosion(&mut heightmap, 1.0)","apply_hydraulic_erosion(&mut heightmap, 1.0).unwrap(); // Stronger erosion"
"astraweave-terrain\src\voxel_data.rs","445","astraweave-terrain","P1-High","retrieved","assert_eq!(retrieved.unwrap().density, 1.0);"
"astraweave-terrain\src\voxel_data.rs","468","astraweave-terrain","P1-High","retrieved2","assert_eq!(retrieved2.unwrap().material, 2);"
"astraweave-terrain\src\voxel_data.rs","464","astraweave-terrain","P1-High","retrieved1","assert_eq!(retrieved1.unwrap().density, 1.0);"
"astraweave-terrain\src\voxel_data.rs","446","astraweave-terrain","P1-High","retrieved","assert_eq!(retrieved.unwrap().material, 1);"
"astraweave-ui\src\panels.rs","224","astraweave-ui","P1-High","tl.lock()","*tl.lock().unwrap() = Some(new_tl);"
"astraweave-ui\src\panels.rs","260","astraweave-ui","P1-High","tl.lock()","(seq_guard.as_mut(), tl.lock().unwrap().as_ref())"
"astraweave-ui\src\panels.rs","225","astraweave-ui","P1-High","seq.lock()","*seq.lock().unwrap() = Some(awc::Sequencer::new());"
"astraweave-ui\src\panels.rs","237","astraweave-ui","P1-High","tl.lock()","if let Some(ref tlv) = *tl.lock().unwrap() {"
"astraweave-ui\src\panels.rs","299","astraweave-ui","P1-High","seq.lock()","*seq.lock().unwrap() = Some(awc::Sequencer::new());"
"astraweave-ui\src\panels.rs","298","astraweave-ui","P1-High","tl.lock()","*tl.lock().unwrap() = Some(new_tl);"
"astraweave-ui\src\panels.rs","211","astraweave-ui","P1-High","tl.lock()","if let Some(ref tlv) = *tl.lock().unwrap() {"
"astraweave-weaving\src\intents.rs","223","astraweave-weaving","P1-High","payload.get(""resource_type"")","assert_eq!(intents[0].payload.get(""resource_type"").unwrap(), ""food"");"
"astraweave-weaving\src\intents.rs","238","astraweave-weaving","P1-High","payload.get(""faction"")","assert_eq!(intents[0].payload.get(""faction"").unwrap(), ""red"");"
"net\aw-net-server\src\main.rs","60","unknown","P1-High","with_env_filter(EnvFilter::from_default_env().add_directive(""info"".parse()",".with_env_filter(EnvFilter::from_default_env().add_directive(""info"".parse().unwrap()))"
"persistence\aw-save\src\lib.rs","75","unknown","P1-High","unwrap_or_else(|_| fs::read_dir(""."")",".unwrap_or_else(|_| fs::read_dir(""."").unwrap()) // empty fallback"
"persistence\aw-save\src\lib.rs","242","unknown","P1-High","p.file_name()","file: p.file_name().unwrap().to_string_lossy().into_owned(),"
"tools\asset_signing.rs","18","unknown","P1-High","SigningKey::from_bytes(private_key.try_into()","let sk = SigningKey::from_bytes(private_key.try_into().unwrap());"
"tools\asset_signing.rs","45","unknown","P1-High","assert!(verify_asset(tmp, pk.as_bytes(), &sig).unwrap());","assert!(verify_asset(tmp, pk.as_bytes(), &sig).unwrap());"
"tools\asset_signing.rs","30","unknown","P1-High","Signature::from_bytes(signature.try_into()","let sig = Signature::from_bytes(signature.try_into().unwrap());"
"tools\asset_signing.rs","28","unknown","P1-High","VerifyingKey::from_bytes(public_key.try_into()","let vk = VerifyingKey::from_bytes(public_key.try_into().unwrap())"
"tools\asset_signing\src\lib.rs","30","unknown","P1-High","Signature::from_bytes(signature.try_into()","let sig = Signature::from_bytes(signature.try_into().unwrap());"
"tools\asset_signing\src\lib.rs","29","unknown","P1-High","VerifyingKey::from_bytes(public_key.try_into()","VerifyingKey::from_bytes(public_key.try_into().unwrap()).map_err(|e| format!(""vk: {e}""))?;"
"tools\asset_signing\src\lib.rs","18","unknown","P1-High","SigningKey::from_bytes(private_key.try_into()","let sk = SigningKey::from_bytes(private_key.try_into().unwrap());"
"tools\asset_signing\src\lib.rs","45","unknown","P1-High","assert!(verify_asset(tmp, pk.as_bytes(), &sig).unwrap());","assert!(verify_asset(tmp, pk.as_bytes(), &sig).unwrap());"
"tools\aw_asset_cli\src\main.rs","313","unknown","P1-High","out.to_str()","out.to_str().unwrap(),"
"tools\aw_asset_cli\src\main.rs","392","unknown","P1-High","src.to_str()","src.to_str().unwrap(),"
"tools\aw_asset_cli\src\main.rs","350","unknown","P1-High","src.file_stem()","let stem = src.file_stem().unwrap().to_string_lossy();"
"tools\aw_asset_cli\src\main.rs","328","unknown","P1-High","args([""-uastc"", ""-comp_level"", ""2"", ""-file"", src.to_str()",".args([""-uastc"", ""-comp_level"", ""2"", ""-file"", src.to_str().unwrap()])"
"tools\aw_asset_cli\src\main.rs","314","unknown","P1-High","src.to_str()","src.to_str().unwrap(),"
"tools\aw_asset_cli\src\main.rs","297","unknown","P1-High","src.file_stem()","let stem = src.file_stem().unwrap().to_string_lossy();"
"tools\aw_asset_cli\src\main.rs","394","unknown","P1-High","out.to_str()","out.to_str().unwrap(),"
"tools\aw_asset_cli\src\main.rs","380","unknown","P1-High","src.file_stem()","let stem = src.file_stem().unwrap().to_string_lossy();"
"tools\aw_build\src\main.rs","298","unknown","P1-High","fs::write(root2.join(""b.txt""), ""world!"").unwrap(); // changed","fs::write(root2.join(""b.txt""), ""world!"").unwrap(); // changed"
"tools\aw_build\src\main.rs","149","unknown","P1-High","find_rel_upwards(new_manifest.parent()","let candidate = find_rel_upwards(new_manifest.parent().unwrap(), &ent.rel)"
"tools\aw_editor\src\material_inspector.rs","328","unknown","P1-High","self.textures.orm.as_ref()","self.textures.orm.as_ref().unwrap().width(),"
"tools\aw_editor\src\material_inspector.rs","254","unknown","P1-High","self.textures.albedo.as_ref()","self.textures.albedo.as_ref().unwrap().width(),"
"tools\aw_editor\src\material_inspector.rs","329","unknown","P1-High","self.textures.orm.as_ref()","self.textures.orm.as_ref().unwrap().height()"
"tools\aw_editor\src\material_inspector.rs","292","unknown","P1-High","self.textures.normal.as_ref()","self.textures.normal.as_ref().unwrap().width(),"
"tools\aw_editor\src\material_inspector.rs","293","unknown","P1-High","self.textures.normal.as_ref()","self.textures.normal.as_ref().unwrap().height()"
"tools\aw_editor\src\material_inspector.rs","255","unknown","P1-High","self.textures.albedo.as_ref()","self.textures.albedo.as_ref().unwrap().height()"
"astraweave-gameplay\src\combat_physics.rs","372","astraweave-gameplay","P2-Medium","parry.as_ref()","assert_eq!(targets[0].parry.as_ref().unwrap().window, 0.0, ""Parry window should be consumed"");"
"astraweave-gameplay\src\combat_physics.rs","373","astraweave-gameplay","P2-Medium","parry.as_ref()","assert!(!targets[0].parry.as_ref().unwrap().active, ""Parry should be deactivated"");"
"astraweave-gameplay\src\combat_physics.rs","423","astraweave-gameplay","P2-Medium","iframes.as_ref()","assert_eq!(targets[0].iframes.as_ref().unwrap().time_left, 0.5, ""iframes should not be consumed by attack"");"
"astraweave-gameplay\src\tests.rs","152","astraweave-gameplay","P2-Medium","result1","let item = result1.unwrap();"
"astraweave-gameplay\src\tests.rs","339","astraweave-gameplay","P2-Medium","result","let weapon = result.unwrap();"
"astraweave-input\benches\input_benchmarks.rs","27","astraweave-input","P3-Low","b.iter(|| black_box(serde_json::to_string(&binding)","b.iter(|| black_box(serde_json::to_string(&binding).unwrap()))"
"astraweave-input\benches\input_benchmarks.rs","41","astraweave-input","P3-Low","black_box(serde_json::from_str(&serialized)","let _: Binding = black_box(serde_json::from_str(&serialized).unwrap());"
"astraweave-llm\src\ab_testing.rs","822","astraweave-llm","P3-Low","framework.get_results(&experiment_id).await","let results = framework.get_results(&experiment_id).await.unwrap();"
"astraweave-llm\src\ab_testing.rs","820","astraweave-llm","P3-Low","framework.record_outcome(outcome).await","framework.record_outcome(outcome).await.unwrap();"
"astraweave-llm\src\ab_testing.rs","805","astraweave-llm","P3-Low","framework.start_experiment(&experiment_id).await","framework.start_experiment(&experiment_id).await.unwrap();"
"astraweave-llm\src\ab_testing.rs","804","astraweave-llm","P3-Low","framework.create_experiment(experiment).await","let experiment_id = framework.create_experiment(experiment).await.unwrap();"
"astraweave-llm\src\ab_testing.rs","777","astraweave-llm","P3-Low","framework.get_experiment(&experiment_id).await","let stopped = framework.get_experiment(&experiment_id).await.unwrap();"
"astraweave-llm\src\ab_testing.rs","795","astraweave-llm","P3-Low","assignment","let assignment = assignment.unwrap();"
"astraweave-llm\src\ab_testing.rs","792","astraweave-llm","P3-Low",".unwrap();",".unwrap();"
"astraweave-llm\src\ab_testing.rs","786","astraweave-llm","P3-Low","framework.create_experiment(experiment).await","let experiment_id = framework.create_experiment(experiment).await.unwrap();"
"astraweave-llm\src\ab_testing.rs","776","astraweave-llm","P3-Low","framework.stop_experiment(&experiment_id).await","framework.stop_experiment(&experiment_id).await.unwrap();"
"astraweave-llm\src\ab_testing.rs","773","astraweave-llm","P3-Low","framework.get_experiment(&experiment_id).await","let running = framework.get_experiment(&experiment_id).await.unwrap();"
"astraweave-llm\src\ab_testing.rs","787","astraweave-llm","P3-Low","framework.start_experiment(&experiment_id).await","framework.start_experiment(&experiment_id).await.unwrap();"
"astraweave-llm\src\ab_testing.rs","772","astraweave-llm","P3-Low","framework.start_experiment(&experiment_id).await","framework.start_experiment(&experiment_id).await.unwrap();"
"astraweave-llm\src\ab_testing.rs","758","astraweave-llm","P3-Low","framework.create_experiment(experiment).await","let experiment_id = framework.create_experiment(experiment).await.unwrap();"
"astraweave-llm\src\ab_testing.rs","761","astraweave-llm","P3-Low","framework.get_experiment(&experiment_id).await","let retrieved = framework.get_experiment(&experiment_id).await.unwrap();"
"astraweave-llm\src\ab_testing.rs","770","astraweave-llm","P3-Low","framework.create_experiment(experiment).await","let experiment_id = framework.create_experiment(experiment).await.unwrap();"
"astraweave-net\src\tests.rs","52","astraweave-net","P3-Low","map_b.get(id)","let eb = map_b.get(id).unwrap();"
"astraweave-net\src\tests.rs","181","astraweave-net","P3-Low",".unwrap();",".unwrap();"
"astraweave-net\src\tests.rs","175","astraweave-net","P3-Low",".unwrap();",".unwrap();"
"astraweave-net\src\tests.rs","160","astraweave-net","P3-Low","replay_from(w2, &evs)","let h2 = replay_from(w2, &evs).unwrap();"
"astraweave-net\src\tests.rs","159","astraweave-net","P3-Low","replay_from(w1, &evs)","let h1 = replay_from(w1, &evs).unwrap();"
"astraweave-net\src\tests.rs","65","astraweave-net","P3-Low","a.entities.iter().find(|e| e.team == 2)","let enemy_id = a.entities.iter().find(|e| e.team == 2).unwrap().id;"
"astraweave-net\src\tests.rs","63","astraweave-net","P3-Low","a.entities.iter().find(|e| e.team == 0).cloned()","let viewer = a.entities.iter().find(|e| e.team == 0).cloned().unwrap();"
"astraweave-net\src\tests.rs","42","astraweave-net","P3-Low","a.entities.first().cloned()","let viewer = a.entities.first().cloned().unwrap();"
"astraweave-persona\tests\serialization.rs","15","astraweave-persona","P3-Low","serde_json::from_str(&s)","let p2: CompanionProfile = serde_json::from_str(&s).unwrap();"
"astraweave-persona\tests\serialization.rs","14","astraweave-persona","P3-Low","serde_json::to_string(&p)","let s = serde_json::to_string(&p).unwrap();"
"astraweave-render\src\nanite_gpu_culling_tests.rs","108","astraweave-render","P3-Low","pipeline","let pipeline = pipeline.unwrap();"
"astraweave-render\src\nanite_gpu_culling_tests.rs","143","astraweave-render","P3-Low",".unwrap();",".unwrap();"
"astraweave-render\src\nanite_gpu_culling_tests.rs","123","astraweave-render","P3-Low",".unwrap();",".unwrap();"
"astraweave-render\src\nanite_gpu_culling_tests.rs","198","astraweave-render","P3-Low",".unwrap();",".unwrap();"
"astraweave-render\tests\culling_integration.rs","110","astraweave-render","P3-Low","rx.recv().unwrap()","rx.recv().unwrap().unwrap();"
"astraweave-render\tests\culling_integration.rs","125","astraweave-render","P3-Low","rx.recv().unwrap()","rx.recv().unwrap().unwrap();"
"astraweave-render\tests\culling_integration.rs","234","astraweave-render","P3-Low","rx.recv().unwrap()","rx.recv().unwrap().unwrap();"
"astraweave-render\tests\culling_integration.rs","309","astraweave-render","P3-Low","rx.recv().unwrap()","rx.recv().unwrap().unwrap();"
"astraweave-render\tests\golden_postfx.rs","360","astraweave-render","P3-Low","rx.recv().unwrap()","rx.recv().unwrap().unwrap();"
"astraweave-render\tests\headless_integration.rs","87","astraweave-render","P3-Low","tempfile::tempdir()","let dir = tempfile::tempdir().unwrap();"
"astraweave-render\tests\headless_integration.rs","93","astraweave-render","P3-Low",".unwrap();",".unwrap();"
"astraweave-render\tests\headless_integration.rs","94","astraweave-render","P3-Low","std::fs::write(base.join(""arrays.toml""), ""[layers]\nk=0\n"").unwrap();","std::fs::write(base.join(""arrays.toml""), ""[layers]\nk=0\n"").unwrap();"
"astraweave-render\tests\ibl_integration.rs","26","astraweave-render","P3-Low","manager","let mgr = manager.unwrap();"
"astraweave-render\tests\ibl_integration.rs","59","astraweave-render","P3-Low","resources","let res = resources.unwrap();"
"astraweave-render\tests\materials_spec.rs","7","astraweave-render","P3-Low","fs::write(path, contents)","fs::write(path, contents).unwrap();"
"astraweave-render\tests\materials_spec.rs","240","astraweave-render","P3-Low","fs::copy(base.join(""arrays.toml""), base.join(""subdir/arrays.toml"")).unwrap();","fs::copy(base.join(""arrays.toml""), base.join(""subdir/arrays.toml"")).unwrap();"
"astraweave-render\tests\materials_spec.rs","239","astraweave-render","P3-Low",".unwrap();",".unwrap();"
"astraweave-render\tests\materials_spec.rs","5","astraweave-render","P3-Low","fs::create_dir_all(p)","fs::create_dir_all(p).unwrap();"
"astraweave-render\tests\materials_spec.rs","186","astraweave-render","P3-Low","alb.save(base.join(""alb.png"")).unwrap();","alb.save(base.join(""alb.png"")).unwrap();"
"astraweave-render\tests\materials_spec.rs","119","astraweave-render","P3-Low","nrm.save(base.join(""nrm.png"")).unwrap();","nrm.save(base.join(""nrm.png"")).unwrap();"
"astraweave-render\tests\materials_spec.rs","234","astraweave-render","P3-Low","fs::create_dir_all(base.join(""subdir"")).unwrap();","fs::create_dir_all(base.join(""subdir"")).unwrap();"
"astraweave-render\tests\materials_spec.rs","114","astraweave-render","P3-Low","a.save(base.join(""a.png"")).unwrap();","a.save(base.join(""a.png"")).unwrap();"
"astraweave-render\tests\materials_spec.rs","11","astraweave-render","P3-Low","tempfile::Builder::new().prefix(prefix).tempdir()","tempfile::Builder::new().prefix(prefix).tempdir().unwrap()"
"astraweave-render\tests\materials_spec.rs","20","astraweave-render","P3-Low","img.save(base.join(""tex_a.png"")).unwrap();","img.save(base.join(""tex_a.png"")).unwrap();"
"astraweave-render\tests\materials_spec.rs","118","astraweave-render","P3-Low","alb.save(base.join(""alb.png"")).unwrap();","alb.save(base.join(""alb.png"")).unwrap();"
"astraweave-render\tests\materials_spec.rs","22","astraweave-render","P3-Low","img.save(base.join(""nrm.png"")).unwrap();","img.save(base.join(""nrm.png"")).unwrap();"
"astraweave-render\tests\materials_spec.rs","21","astraweave-render","P3-Low","img.save(base.join(""tex_b.png"")).unwrap();","img.save(base.join(""tex_b.png"")).unwrap();"
"astraweave-render\tests\materials_spec.rs","112","astraweave-render","P3-Low","m.save(base.join(""m.png"")).unwrap();","m.save(base.join(""m.png"")).unwrap();"
"astraweave-render\tests\materials_spec.rs","113","astraweave-render","P3-Low","r.save(base.join(""r.png"")).unwrap();","r.save(base.join(""r.png"")).unwrap();"
"astraweave-render\tests\materials_spec.rs","23","astraweave-render","P3-Low","img.save(base.join(""mra.png"")).unwrap();","img.save(base.join(""mra.png"")).unwrap();"
"astraweave-render\tests\materials_spec.rs","182","astraweave-render","P3-Low","fs::create_dir_all(&nested)","fs::create_dir_all(&nested).unwrap();"
"astraweave-render\tests\test_pbr_advanced.rs","519","astraweave-render","P3-Low","toml::from_str(toml_str)","let def: MaterialDefinitionExtended = toml::from_str(toml_str).unwrap();"
"astraweave-render\tests\test_pbr_advanced.rs","533","astraweave-render","P3-Low","toml::from_str(toml_str)","let def: MaterialDefinitionExtended = toml::from_str(toml_str).unwrap();"
"astraweave-render\tests\test_terrain_material.rs","268","astraweave-render","P3-Low","path.to_str()","if path.to_str().unwrap() == ""test.png"" {"
"astraweave-scene\tests\bone_attachment_integration.rs","381","astraweave-scene","P3-Low","let weapon_world = world.get::<CTransformWorld>(weapon_entity).unwrap().0;","let weapon_world = world.get::<CTransformWorld>(weapon_entity).unwrap().0;"
"astraweave-scene\tests\bone_attachment_integration.rs","92","astraweave-scene","P3-Low","let weapon_transform = world.get::<CTransformWorld>(weapon_entity).unwrap();","let weapon_transform = world.get::<CTransformWorld>(weapon_entity).unwrap();"
"astraweave-scene\tests\bone_attachment_integration.rs","328","astraweave-scene","P3-Low",".unwrap()",".unwrap()"
"astraweave-scene\tests\bone_attachment_integration.rs","254","astraweave-scene","P3-Low","let weapon_transform = world.get::<CTransformWorld>(weapon_entity).unwrap().0;","let weapon_transform = world.get::<CTransformWorld>(weapon_entity).unwrap().0;"
"astraweave-scene\tests\bone_attachment_integration.rs","213","astraweave-scene","P3-Low",".unwrap()",".unwrap()"
"astraweave-scene\tests\bone_attachment_integration.rs","207","astraweave-scene","P3-Low",".unwrap()",".unwrap()"
"astraweave-scene\tests\bone_attachment_integration.rs","148","astraweave-scene","P3-Low",".unwrap()",".unwrap()"
"astraweave-scene\tests\bone_attachment_integration.rs","131","astraweave-scene","P3-Low",".unwrap()",".unwrap()"
"astraweave-scene\tests\streaming_integration.rs","61","astraweave-scene","P3-Low","create_test_cell_file(&cell_path, [0, 0, 0]).await","create_test_cell_file(&cell_path, [0, 0, 0]).await.unwrap();"
"astraweave-scene\tests\streaming_integration.rs","225","astraweave-scene","P3-Low","scene.query_entities_in_cell(initial_coord)","scene.query_entities_in_cell(initial_coord).unwrap().len(),"
"astraweave-scene\tests\streaming_integration.rs","72","astraweave-scene","P3-Low","manager.force_load_cell(coord).await","manager.force_load_cell(coord).await.unwrap();"
"astraweave-scene\tests\streaming_integration.rs","91","astraweave-scene","P3-Low","create_test_cell_file(&cell_path, [x, 0, z]).await","create_test_cell_file(&cell_path, [x, 0, z]).await.unwrap();"
"astraweave-scene\tests\streaming_integration.rs","111","astraweave-scene","P3-Low","manager.update(camera_pos).await","manager.update(camera_pos).await.unwrap();"
"astraweave-scene\tests\streaming_integration.rs","140","astraweave-scene","P3-Low","scene.query_entities_in_cell(coord)","let entities = scene.query_entities_in_cell(coord).unwrap();"
"astraweave-scene\tests\streaming_integration.rs","192","astraweave-scene","P3-Low","scene.update_streaming(glam::Vec3::ZERO).await","scene.update_streaming(glam::Vec3::ZERO).await.unwrap();"
"astraweave-scene\tests\streaming_integration.rs","301","astraweave-scene","P3-Low","scene.update_streaming(glam::Vec3::ZERO).await","scene.update_streaming(glam::Vec3::ZERO).await.unwrap();"
"astraweave-scene\tests\streaming_integration.rs","174","astraweave-scene","P3-Low","create_test_cell_file(&cell_path, [x, 0, z]).await","create_test_cell_file(&cell_path, [x, 0, z]).await.unwrap();"
"astraweave-scene\tests\streaming_integration.rs","271","astraweave-scene","P3-Low","manager.force_load_cell(coord1).await","manager.force_load_cell(coord1).await.unwrap();"
"astraweave-scene\tests\streaming_integration.rs","267","astraweave-scene","P3-Low","manager.force_unload_cell(coord1).await","manager.force_unload_cell(coord1).await.unwrap();"
"astraweave-scene\tests\streaming_integration.rs","263","astraweave-scene","P3-Low","manager.force_load_cell(coord1).await","manager.force_load_cell(coord1).await.unwrap();"
"astraweave-scene\tests\streaming_integration.rs","237","astraweave-scene","P3-Low","scene.query_entities_in_cell(initial_coord)","scene.query_entities_in_cell(initial_coord).unwrap().len(),"
"astraweave-scene\tests\streaming_integration.rs","235","astraweave-scene","P3-Low","scene.query_entities_in_cell(new_coord)","assert_eq!(scene.query_entities_in_cell(new_coord).unwrap().len(), 1);"
"astraweave-scene\tests\streaming_integration.rs","289","astraweave-scene","P3-Low","create_test_cell_file(&cell_path, [x, 0, z]).await","create_test_cell_file(&cell_path, [x, 0, z]).await.unwrap();"
"astraweave-scene\tests\streaming_integration.rs","198","astraweave-scene","P3-Low","scene.update_streaming(new_pos).await","scene.update_streaming(new_pos).await.unwrap();"
"astraweave-stress-test\src\lib.rs","324","astraweave-stress-test","P3-Low","run_stress_test(config).await","let results = run_stress_test(config).await.unwrap();"
"astraweave-stress-test\src\lib.rs","364","astraweave-stress-test","P3-Low","let app = create_stress_test_app(config.clone()).unwrap();","let app = create_stress_test_app(config.clone()).unwrap();"
"astraweave-terrain\tests\marching_cubes_tests.rs","351","astraweave-terrain","P3-Low","tokio::runtime::Runtime::new()","let runtime = tokio::runtime::Runtime::new().unwrap();"
"examples\adaptive_boss\src\main.rs","15","unknown","P3-Low","w.pos_of(player)","pos: w.pos_of(player).unwrap(),"
"examples\adaptive_boss\src\main.rs","23","unknown","P3-Low","w.pos_of(comp)","pos: w.pos_of(comp).unwrap(),"
"examples\adaptive_boss\src\main.rs","27","unknown","P3-Low","w.pos_of(boss)","pos: w.pos_of(boss).unwrap(),"
"examples\core_loop_bt_demo\src\main.rs","106","unknown","P3-Low","self.world.pos_of(self.agent_id)","let agent_pos = self.world.pos_of(self.agent_id).unwrap();"
"examples\core_loop_bt_demo\src\main.rs","107","unknown","P3-Low","self.world.pos_of(self.target_id)","let target_pos = self.world.pos_of(self.target_id).unwrap();"
"examples\core_loop_bt_demo\src\main.rs","163","unknown","P3-Low","self.world.pos_of(self.agent_id)","let agent_pos = self.world.pos_of(self.agent_id).unwrap();"
"examples\core_loop_bt_demo\src\main.rs","194","unknown","P3-Low","self.world.pos_of(self.agent_id)","let agent_pos = self.world.pos_of(self.agent_id).unwrap();"
"examples\core_loop_bt_demo\src\main.rs","195","unknown","P3-Low","self.world.health(self.agent_id)","let agent_hp = self.world.health(self.agent_id).unwrap().hp;"
"examples\core_loop_bt_demo\src\main.rs","202","unknown","P3-Low","self.world.pos_of(self.target_id)","let target_pos = self.world.pos_of(self.target_id).unwrap();"
"examples\core_loop_bt_demo\src\main.rs","203","unknown","P3-Low","self.world.health(self.target_id)","let target_hp = self.world.health(self.target_id).unwrap().hp;"
"examples\core_loop_bt_demo\src\main.rs","257","unknown","P3-Low","demo.world.health(demo.target_id)","let target_hp = demo.world.health(demo.target_id).unwrap().hp;"
"examples\core_loop_goap_demo\src\main.rs","317","unknown","P3-Low","self.world.pos_of(self.agent_id)","let agent_pos = self.world.pos_of(self.agent_id).unwrap();"
"examples\core_loop_goap_demo\src\main.rs","196","unknown","P3-Low","self.world.pos_of(self.agent_id)","let agent_pos = self.world.pos_of(self.agent_id).unwrap();"
"examples\core_loop_goap_demo\src\main.rs","275","unknown","P3-Low","self.world.pos_of(self.agent_id)","let agent_pos = self.world.pos_of(self.agent_id).unwrap();"
"examples\crafting_combat_demo\src\main.rs","71","unknown","P3-Low","blade.echo.as_ref()","println!(""Infused: {:?}"", blade.echo.as_ref().unwrap().name);"
"examples\debug_overlay\src\main.rs","99","unknown","P3-Low","self.world.pos_of(self.player)","let p = self.world.pos_of(self.player).unwrap();"
"examples\debug_overlay\src\main.rs","100","unknown","P3-Low","self.world.pos_of(self.comp)","let c = self.world.pos_of(self.comp).unwrap();"
"examples\debug_overlay\src\main.rs","101","unknown","P3-Low","self.world.pos_of(self.enemy)","let e = self.world.pos_of(self.enemy).unwrap();"
"examples\debug_toolkit_demo\src\main.rs","138","unknown","P3-Low","EventLoop::new()","let event_loop = EventLoop::new().unwrap();"
"examples\debug_toolkit_demo\src\main.rs","292","unknown","P3-Low",".unwrap();",".unwrap();"
"examples\hello_companion\src\main.rs","55","unknown","P3-Low","w.pos_of(comp)","w.pos_of(comp).unwrap(),"
"examples\hello_companion\src\main.rs","56","unknown","P3-Low","w.pos_of(enemy)","w.pos_of(enemy).unwrap(),"
"examples\hello_companion\src\main.rs","57","unknown","P3-Low","w.health(enemy)","w.health(enemy).unwrap().hp"
"examples\ipc_loopback\src\main.rs","7","unknown","P3-Low","run_ws_server(""127.0.0.1:8088"").await","run_ws_server(""127.0.0.1:8088"").await.unwrap();"
"examples\llm_comprehensive_demo\src\main.rs","272","unknown","P3-Low","std::io::stdout().flush()","std::io::stdout().flush().unwrap();"
"examples\nav_physics_bridge\src\main.rs","37","unknown","P3-Low","pw.body_transform(char_id)","let pos = pw.body_transform(char_id).unwrap();"
"examples\nav_physics_bridge\src\main.rs","61","unknown","P3-Low","pw.body_transform(char_id)","let final_pos = pw.body_transform(char_id).unwrap().w_axis;"
"examples\ollama_probe\src\main.rs","40","unknown","P3-Low","serde_json::to_string_pretty(&snapshot)","snap = serde_json::to_string_pretty(&snapshot).unwrap(),"
"examples\orchestrator_async_tick\src\main.rs","12","unknown","P3-Low","w.pos_of(me)","let me_pose = w.pos_of(me).unwrap();"
"examples\orchestrator_async_tick\src\main.rs","14","unknown","P3-Low","w.pos_of(enemy)","let enemy_pose = w.pos_of(enemy).unwrap();"
"examples\orchestrator_async_tick\src\main.rs","13","unknown","P3-Low","w.pos_of(player)","let player_pose = w.pos_of(player).unwrap();"
"examples\orchestrator_async_tick\src\main.rs","18","unknown","P3-Low","w.health(player)","hp: w.health(player).unwrap().hp,"
"examples\orchestrator_async_tick\src\main.rs","24","unknown","P3-Low","w.ammo(me)","ammo: w.ammo(me).unwrap().rounds,"
"examples\orchestrator_async_tick\src\main.rs","32","unknown","P3-Low","w.health(enemy)","hp: w.health(enemy).unwrap().hp,"
"examples\orchestrator_async_tick\src\main.rs","91","unknown","P3-Low","map_engine_error(plan.steps.first()","let tb = map_engine_error(plan.steps.first().unwrap(), &e);"
"examples\phase_director\src\main.rs","13","unknown","P3-Low","w.pos_of(player)","pos: w.pos_of(player).unwrap(),"
"examples\phase_director\src\main.rs","21","unknown","P3-Low","w.pos_of(comp)","pos: w.pos_of(comp).unwrap(),"
"examples\phase_director\src\main.rs","25","unknown","P3-Low","w.pos_of(boss)","pos: w.pos_of(boss).unwrap(),"
"examples\quest_dialogue_demo\src\main.rs","84","unknown","P3-Low","ds2.current(&dialog2).line.as_ref()","ds2.current(&dialog2).line.as_ref().unwrap().text"
"examples\save_integration\src\main.rs","40","unknown","P3-Low","world.pos_of(enemy)","world.pos_of(enemy).unwrap(),"
"examples\save_integration\src\main.rs","36","unknown","P3-Low","world.health(companion)","world.health(companion).unwrap().hp"
"examples\save_integration\src\main.rs","35","unknown","P3-Low","world.pos_of(companion)","world.pos_of(companion).unwrap(),"
"examples\save_integration\src\main.rs","41","unknown","P3-Low","world.health(enemy)","world.health(enemy).unwrap().hp"
"examples\save_integration\src\main.rs","31","unknown","P3-Low","world.health(player)","world.health(player).unwrap().hp"
"examples\save_integration\src\main.rs","30","unknown","P3-Low","world.pos_of(player)","world.pos_of(player).unwrap(),"
"examples\unified_showcase\src\app_handler.rs","382","unknown","P3-Low","render.hdr_msaa_view.as_ref()","render.hdr_msaa_view.as_ref().unwrap()"
"examples\unified_showcase\src\main_backup_before_refactor.rs","5474","unknown","P3-Low",".unwrap();",".unwrap();"
"examples\unified_showcase\src\main_backup_before_refactor.rs","6885","unknown","P3-Low","fs::read_dir(base).unwrap_or_else(|_| fs::read_dir(""."")","for entry in fs::read_dir(base).unwrap_or_else(|_| fs::read_dir(""."").unwrap()) {"
"examples\unified_showcase\src\main_backup_before_refactor.rs","4539","unknown","P3-Low","render.surface.get_current_texture()","render.surface.get_current_texture().unwrap()"
"examples\unified_showcase\src\main_backup.rs","4538","unknown","P3-Low","render.surface.get_current_texture()","render.surface.get_current_texture().unwrap()"
"examples\unified_showcase\src\main_backup.rs","5473","unknown","P3-Low",".unwrap();",".unwrap();"
"examples\unified_showcase\src\main_backup.rs","6884","unknown","P3-Low","fs::read_dir(base).unwrap_or_else(|_| fs::read_dir(""."")","for entry in fs::read_dir(base).unwrap_or_else(|_| fs::read_dir(""."").unwrap()) {"
"examples\unified_showcase\src\main_temp.rs","5473","unknown","P3-Low",".unwrap();",".unwrap();"
"examples\unified_showcase\src\main_temp.rs","4538","unknown","P3-Low","render.surface.get_current_texture()","render.surface.get_current_texture().unwrap()"
"examples\unified_showcase\src\main_temp.rs","6884","unknown","P3-Low","fs::read_dir(base).unwrap_or_else(|_| fs::read_dir(""."")","for entry in fs::read_dir(base).unwrap_or_else(|_| fs::read_dir(""."").unwrap()) {"
"examples\unified_showcase\src\main.rs","7340","unknown","P3-Low","fs::read_dir(base).unwrap_or_else(|_| fs::read_dir(""."")","for entry in fs::read_dir(base).unwrap_or_else(|_| fs::read_dir(""."").unwrap()) {"
"examples\unified_showcase\src\main.rs","8787","unknown","P3-Low","render.pbr_e_material_buffer.as_ref()","|| render.pbr_e_material_buffer.as_ref().unwrap().size() < material_buffer_size"
"examples\unified_showcase\src\main.rs","8809","unknown","P3-Low",".unwrap()",".unwrap()"
"examples\unified_showcase\src\main.rs","8817","unknown","P3-Low","render.pbr_e_material_buffer.as_ref()","render.pbr_e_material_buffer.as_ref().unwrap(),"
"examples\unified_showcase\src\main.rs","5787","unknown","P3-Low",".unwrap();",".unwrap();"
"examples\unified_showcase\src\material_integration.rs","302","unknown","P3-Low","Ok(self.cache.get(biome)","Ok(self.cache.get(biome).unwrap())"
"examples\unified_showcase\src\material_integration.rs","409","unknown","P3-Low","Ok(self.cache.get(biome)","Ok(self.cache.get(biome).unwrap())"
"examples\unified_showcase\src\material_integration.rs","163","unknown","P3-Low","Ok(self.cache.get(biome)","return Ok(self.cache.get(biome).unwrap());"
"examples\unified_showcase\src\material.rs","87","unknown","P3-Low","unwrap_or_else(|| self.materials.get(""default"")",".unwrap_or_else(|| self.materials.get(""default"").unwrap())"
"examples\unified_showcase\src\texture_utils.rs","35","unknown","P3-Low","name_without_ext.rsplit_once('.')","let base_name = name_without_ext.rsplit_once('.').unwrap().0;"
"examples\visual_3d\src\main.rs","46","unknown","P3-Low","world.pos_of(e)","let p = world.pos_of(e).unwrap();"
"examples\visual_3d\src\main.rs","179","unknown","P3-Low","self.window.as_ref()","let window = self.window.as_ref().unwrap();"
"examples\visual_3d\src\main.rs","187","unknown","P3-Low","self.egui_state.as_mut()","let egui_state = self.egui_state.as_mut().unwrap();"
"examples\visual_3d\src\main.rs","242","unknown","P3-Low","self.renderer.as_mut()","let renderer = self.renderer.as_mut().unwrap();"
"examples\visual_3d\src\main.rs","430","unknown","P3-Low","times.last()","let max_t = *times.last().unwrap();"
"examples\visual_3d\src\main.rs","30","unknown","P3-Low","world.pos_of(e)","let p = world.pos_of(e).unwrap();"
"examples\visual_3d\src\main.rs","497","unknown","P3-Low","let renderer = pollster::block_on(Renderer::new(window.clone())).unwrap();","let renderer = pollster::block_on(Renderer::new(window.clone())).unwrap();"
"examples\visual_3d\src\main.rs","531","unknown","P3-Low","self.window.as_ref()","let window = self.window.as_ref().unwrap();"
"examples\visual_3d\src\main.rs","532","unknown","P3-Low","self.egui_state.as_mut()","let egui_state = self.egui_state.as_mut().unwrap();"
"examples\visual_3d\src\main.rs","579","unknown","P3-Low","self.window.as_ref()","self.window.as_ref().unwrap().request_redraw();"
"examples\visual_3d\src\main.rs","38","unknown","P3-Low","world.pos_of(e)","let p = world.pos_of(e).unwrap();"
"examples\visual_3d\src\main.rs","494","unknown","P3-Low","Arc::new(event_loop.create_window(window_attributes)","let window = Arc::new(event_loop.create_window(window_attributes).unwrap());"
"examples\weaving_playground\src\main.rs","327","unknown","P3-Low","w.pos_of(e)","let p = w.pos_of(e).unwrap();"
"examples\weaving_playground\src\main.rs","335","unknown","P3-Low","w.pos_of(e)","let p = w.pos_of(e).unwrap();"
"examples\weaving_playground\src\main.rs","343","unknown","P3-Low","w.pos_of(e)","let p = w.pos_of(e).unwrap();"
"tools\aw_asset_cli\tests\manifest.rs","13","unknown","P3-Low","fs::read_to_string(manifest_path)","let data = fs::read_to_string(manifest_path).unwrap();"
"tools\aw_asset_cli\tests\manifest.rs","14","unknown","P3-Low","serde_json::from_str(&data)","let v: Value = serde_json::from_str(&data).unwrap();"
"tools\aw_demo_builder\src\main.rs","82","unknown","P3-Low","Path::new(output).join(path.file_name()","let dest = Path::new(output).join(path.file_name().unwrap());"
"tools\aw_editor\tests\dialogue.rs","40","unknown","P3-Low","toml::to_string_pretty(&doc)","let txt = toml::to_string_pretty(&doc).unwrap();"
"tools\aw_editor\tests\dialogue.rs","41","unknown","P3-Low","fs::write(&p, txt)","fs::write(&p, txt).unwrap();"
"tools\aw_editor\tests\dialogue.rs","44","unknown","P3-Low","fs::write(&reload_path, Uuid::new_v4().to_string()).unwrap();","fs::write(&reload_path, Uuid::new_v4().to_string()).unwrap();"
